0x562a3c3b7149, 4000, , , , , , , , , , , , , , , , , , , , , , 
0x562a3c3b7134, 4000, , , , , , , , , , , , , , , , , , , , , , 
0x562a3c3b7129, 4000, , , , , , , , , , , , , , , , , , , , , , 
0x562a3c3b7146, 4000, , , , , , , , , , , , , , , , , , , , , , 
0x562a3c3b715b, 4000, , , , , , , , , , , , , , , , , , , , , , 
0x562a3c3b7186, 4000, 3996, 4, , , , , , , , , , , , , , , , , , , , 
0x562a3c3b717c, 4000, , , , , , , , , , , , , , , , , , , , , , 
0x7fcae7f05180, 1274, 1225, 49, , , , , , , , , , , , , , , , , , , , 
0x7fcae7f05138, 1225, 0, 1225, , , , , , , , , , , , , , , , , , , , 
0x7fcae7f0513e, 1225, 784, 441, , , , , , , , , , , , , , , , , , , , 
0x7fcae7ef92f0, 1212, 0, 1212, , , , , , , , , , , , , , , , , , , , 
0x7fcae7ef92ff, 1212, 0, 1212, , , , , , , , , , , , , , , , , , , , 
0x7fcae7ef9309, 1212, 1210, 2, , , , , , , , , , , , , , , , , , , , 
0x7fcae7ef7118, 1180, 1091, 89, , , , , , , , , , , , , , , , , , , , 
0x7fcae7f050b8, 547, 0, 547, , , , , , , , , , , , , , , , , , , , 
0x7fcae7f050cb, 547, 499, 48, , , , , , , , , , , , , , , , , , , , 
0x7fcae7f05160, 463, 441, 22, , , , , , , , , , , , , , , , , , , , 
0x7fcae7f05147, 441, 441, 0, , , , , , , , , , , , , , , , , , , , 
0x7fcae7f05174, 441, 441, 0, , , , , , , , , , , , , , , , , , , , 
0x7fcae7eff725, 286, , , , , , , , , , , , , , , , , , , , , , 
0x7fcae7ef653a, 184, 0, 184, , , , , , , , , , , , , , , , , , , , 
0x7fcae7ef65db, 184, 0, 184, , , , , , , , , , , , , , , , , , , , 
0x7fcae7ef657a, 184, 85, 99, , , , , , , , , , , , , , , , , , , , 
0x7fcae7ef6530, 184, 0, 184, , , , , , , , , , , , , , , , , , , , 
0x7fcae7ef65e4, 184, 184, 0, , , , , , , , , , , , , , , , , , , , 
0x7fcae7f0a600, 132, 9, 123, , , , , , , , , , , , , , , , , , , , 
0x7fcae7f0ba20, 123, , , , , , , , , , , , , , , , , , , , , , 
0x7fcae7f0a615, 123, 4, 119, , , , , , , , , , , , , , , , , , , , 
0x7fcae7f0a61a, 119, 113, 6, , , , , , , , , , , , , , , , , , , , 
0x7fcae7ef65b2, 101, 6, 95, , , , , , , , , , , , , , , , , , , , 
0x7fcae7ef8df0, 101, 0, 101, , , , , , , , , , , , , , , , , , , , 
0x7fcae7ef8e01, 101, 0, 101, , , , , , , , , , , , , , , , , , , , 
0x7fcae7ef8e48, 101, 0, 101, , , , , , , , , , , , , , , , , , , , 
0x7fcae7ef8e52, 101, 0, 101, , , , , , , , , , , , , , , , , , , , 
0x7fcae7ef8e5b, 101, 17, 84, , , , , , , , , , , , , , , , , , , , 
0x7fcae7ef6820, 98, 2, 96, , , , , , , , , , , , , , , , , , , , 
0x7fcae7ef8f47, 98, 0, 98, , , , , , , , , , , , , , , , , , , , 
0x7fcae7ef8f51, 98, , , 0x7fcae7ef8f70, 81, 0x7fcae7ef9170, 17, , , , , , , , , , , , , , , , 
0x7fcae7ef682d, 96, 37, 59, , , , , , , , , , , , , , , , , , , , 
0x7fcae7ef65bf, 95, 0, 95, , , , , , , , , , , , , , , , , , , , 
0x7fcae7ef65cd, 95, 95, 0, , , , , , , , , , , , , , , , , , , , 
0x7fcae7ef71f1, 89, 6, 83, , , , , , , , , , , , , , , , , , , , 
0x7fcae7ef71c3, 89, , , , , , , , , , , , , , , , , , , , , , 
0x7fcae7ef718a, 89, , , , , , , , , , , , , , , , , , , , , , 
0x7fcae7ef7181, 89, 0, 89, , , , , , , , , , , , , , , , , , , , 
0x7fcae7ef7166, 89, 0, 89, , , , , , , , , , , , , , , , , , , , 
0x7fcae7ef7133, 89, 6, 83, , , , , , , , , , , , , , , , , , , , 
0x7fcae7ef64c0, 89, , , , , , , , , , , , , , , , , , , , , , 
0x7fcae7ef65bf, 89, 0, 89, , , , , , , , , , , , , , , , , , , , 
0x7fcae7ef65cd, 89, 89, 0, , , , , , , , , , , , , , , , , , , , 
0x7fcae7ef8f70, 87, 84, 3, , , , , , , , , , , , , , , , , , , , 
0x7fcae7ef682d, 85, 60, 25, , , , , , , , , , , , , , , , , , , , 
0x7fcae7ef67ca, 85, , , , , , , , , , , , , , , , , , , , , , 
0x7fcae7ef67b0, 85, 0, 85, , , , , , , , , , , , , , , , , , , , 
0x7fcae7ef8e6b, 84, 0, 84, , , , , , , , , , , , , , , , , , , , 
0x7fcae7ef8e7f, 84, 6, 78, , , , , , , , , , , , , , , , , , , , 
0x7fcae7ef6330, 84, 1, 83, , , , , , , , , , , , , , , , , , , , 
0x7fcae7ef710a, 84, 84, 0, , , , , , , , , , , , , , , , , , , , 
0x7fcae7ef70d0, 84, 0, 84, , , , , , , , , , , , , , , , , , , , 
0x7fcae7ef71f9, 83, 0, 83, , , , , , , , , , , , , , , , , , , , 
0x7fcae7ef7219, 83, 0, 83, , , , , , , , , , , , , , , , , , , , 
0x7fcae7ef6360, 83, 0, 83, , , , , , , , , , , , , , , , , , , , 
0x7fcae7ef6381, 83, 64, 19, , , , , , , , , , , , , , , , , , , , 
0x7fcae7ef7158, 83, 0, 83, , , , , , , , , , , , , , , , , , , , 
0x7fcae7ef68a2, 83, , , , , , , , , , , , , , , , , , , , , , 
0x7fcae7ef7253, 83, , , , , , , , , , , , , , , , , , , , , , 
0x7fcae7ef7209, 83, 0, 83, , , , , , , , , , , , , , , , , , , , 
0x7fcae7ef676b, 83, 9, 74, , , , , , , , , , , , , , , , , , , , 
0x7fcae7ef6757, 83, 0, 83, , , , , , , , , , , , , , , , , , , , 
0x7fcae7ef6748, 83, 0, 83, , , , , , , , , , , , , , , , , , , , 
0x7fcae7ef6fd4, 83, , , , , , , , , , , , , , , , , , , , , , 
0x7fcae7ef688a, 83, 83, 0, , , , , , , , , , , , , , , , , , , , 
0x7fcae7ef63e9, 83, , , , , , , , , , , , , , , , , , , , , , 
0x7fcae7ef720e, 83, 0, 83, , , , , , , , , , , , , , , , , , , , 
0x7fcae7ef7242, 83, 0, 83, , , , , , , , , , , , , , , , , , , , 
0x7fcae7ef7233, 83, 1, 82, , , , , , , , , , , , , , , , , , , , 
0x7fcae7ef95d8, 81, 81, 0, , , , , , , , , , , , , , , , , , , , 
0x7fcae7ef94c4, 81, 81, 0, , , , , , , , , , , , , , , , , , , , 
0x7fcae7ef6450, 78, , , , , , , , , , , , , , , , , , , , , , 
0x7fcae7ef645c, 78, 78, 0, , , , , , , , , , , , , , , , , , , , 
0x7fcae7ef8f24, 78, 78, 0, , , , , , , , , , , , , , , , , , , , 
0x7fcae7ef8e8c, 78, 7, 71, , , , , , , , , , , , , , , , , , , , 
0x7fcae7ef678b, 74, , , , , , , , , , , , , , , , , , , , , , 
0x7fcae7ef6783, 74, 0, 74, , , , , , , , , , , , , , , , , , , , 
0x7fcae7ef677b, 74, 0, 74, , , , , , , , , , , , , , , , , , , , 
0x7fcae7ef8e96, 71, 0, 71, , , , , , , , , , , , , , , , , , , , 
0x7fcae7ef8ef4, 71, , , , , , , , , , , , , , , , , , , , , , 
0x7fcae7ef8ea0, 71, 0, 71, , , , , , , , , , , , , , , , , , , , 
0x7fcae7ef8ec5, 71, 0, 71, , , , , , , , , , , , , , , , , , , , 
0x7fcae7ef63aa, 64, 0, 64, , , , , , , , , , , , , , , , , , , , 
0x7fcae7ef639d, 64, 0, 64, , , , , , , , , , , , , , , , , , , , 
0x7fcae7ef63b3, 64, 64, 0, , , , , , , , , , , , , , , , , , , , 
0x7fcae7ef683b, 59, , , , , , , , , , , , , , , , , , , , , , 
0x7fcae7f0511b, 49, 7, 42, , , , , , , , , , , , , , , , , , , , 
0x7fcae7f050d8, 49, , , , , , , , , , , , , , , , , , , , , , 
0x7fcae7f0518e, 49, 49, 0, , , , , , , , , , , , , , , , , , , , 
0x7fcae7f083d8, 49, 1, 48, , , , , , , , , , , , , , , , , , , , 
0x7fcae7f05089, 49, 1, 48, , , , , , , , , , , , , , , , , , , , 
0x7fcae7f050d0, 48, 0, 48, , , , , , , , , , , , , , , , , , , , 
0x7fcae7f07747, 48, 47, 1, , , , , , , , , , , , , , , , , , , , 
0x7fcae7f05096, 48, 0, 48, , , , , , , , , , , , , , , , , , , , 
0x7fcae7f050a6, 48, 0, 48, , , , , , , , , , , , , , , , , , , , 
0x7fcae7f050ae, 48, 0, 48, , , , , , , , , , , , , , , , , , , , 
0x7fcae7f050cb, 48, 47, 1, , , , , , , , , , , , , , , , , , , , 
0x7fcae7f083e5, 48, 42, 6, , , , , , , , , , , , , , , , , , , , 
0x7fcae7efaa06, 47, 2, 45, , , , , , , , , , , , , , , , , , , , 
0x7fcae7efaa18, 45, 0, 45, , , , , , , , , , , , , , , , , , , , 
0x7fcae7efaa22, 45, 45, 0, , , , , , , , , , , , , , , , , , , , 
0x7fcae7f0513e, 42, 42, 0, , , , , , , , , , , , , , , , , , , , 
0x7fcae7f05122, 42, 0, 42, , , , , , , , , , , , , , , , , , , , 
0x7fcae7eed138, 41, 40, 1, , , , , , , , , , , , , , , , , , , , 
0x7fcae7eed128, 41, 0, 41, , , , , , , , , , , , , , , , , , , , 
0x7fcae7f045ae, 40, 1, 39, , , , , , , , , , , , , , , , , , , , 
0x7fcae7ef8c80, 39, 0, 39, , , , , , , , , , , , , , , , , , , , 
0x7fcae7ef8c33, 39, 1, 38, , , , , , , , , , , , , , , , , , , , 
0x7fcae7ef8c86, 39, , , 0x7fcad428adb0, 2, 0x7fcad426d670, 2, 0x7fcad428a7e0, 2, 0x7fcad428ace0, 2, 0x7fcad426fc50, 1, 0x7fcad426d7e0, 1, 0x7fcad428a820, 1, 0x7fcad426e5e0, 1, 0x7fcad426e410, 1, 0x7fcad426d710, 1
0x7fcae7f045bb, 39, 0, 39, , , , , , , , , , , , , , , , , , , , 
0x7fcae7f045c4, 39, 9, 30, , , , , , , , , , , , , , , , , , , , 
0x7fcae7ef8c3c, 38, 0, 38, , , , , , , , , , , , , , , , , , , , 
0x7fcae7ef8c47, 38, 38, 0, , , , , , , , , , , , , , , , , , , , 
0x7fcae7efe278, 36, 33, 3, , , , , , , , , , , , , , , , , , , , 
0x7fcae7efe3f8, 36, 3, 33, , , , , , , , , , , , , , , , , , , , 
0x7fcae7efe42f, 33, 33, 0, , , , , , , , , , , , , , , , , , , , 
0x7fcae7f0e60e, 32, 31, 1, , , , , , , , , , , , , , , , , , , , 
0x7fcae7f045cc, 30, 30, 0, , , , , , , , , , , , , , , , , , , , 
0x7fcae7ef683b, 25, , , , , , , , , , , , , , , , , , , , , , 
0x7fcae7f05174, 22, 22, 0, , , , , , , , , , , , , , , , , , , , 
0x7fcae7f05164, 22, 0, 22, , , , , , , , , , , , , , , , , , , , 
0x7fcae7ef274b, 19, 3, 16, , , , , , , , , , , , , , , , , , , , 
0x7fcae7ef6386, 19, , , , , , , , , , , , , , , , , , , , , , 
0x7fcae7eedf71, 19, 2, 17, , , , , , , , , , , , , , , , , , , , 
0x7fcae7f07810, 19, 1, 18, , , , , , , , , , , , , , , , , , , , 
0x7fcae7ef273e, 19, 0, 19, , , , , , , , , , , , , , , , , , , , 
0x7fcae7eec0a0, 18, , , 0x7fcae7f084a0, 18, , , , , , , , , , , , , , , , , , 
0x7fcae7f084a0, 18, 1, 17, , , , , , , , , , , , , , , , , , , , 
0x7fcae7f0781a, 18, , , 0x7fcae7f07840, 8, 0x7fcae7f079c0, 1, 0x7fcae7f07a30, 1, 0x7fcae7f07998, 1, 0x7fcae7f07a70, 1, 0x7fcae7f07a50, 1, 0x7fcae7f07a10, 1, 0x7fcae7f07948, 1, 0x7fcae7f07828, 1, 0x7fcae7f07920, 1
0x7fcad428a302, 18, 3, 15, , , , , , , , , , , , , , , , , , , , 
0x7fcad428a300, 18, 0, 18, , , , , , , , , , , , , , , , , , , , 
0x7fcae7ef94c4, 17, 17, 0, , , , , , , , , , , , , , , , , , , , 
0x7fcae7ef9192, 17, , , , , , , , , , , , , , , , , , , , , , 
0x7fcae7f084c4, 17, 1, 16, , , , , , , , , , , , , , , , , , , , 
0x7fcae7eedf77, 17, 17, 0, , , , , , , , , , , , , , , , , , , , 
0x7fcae7ef94b0, 17, 0, 17, , , , , , , , , , , , , , , , , , , , 
0x7fcae7f084e7, 17, , , , , , , , , , , , , , , , , , , , , , 
0x7fcae7ef9170, 17, 0, 17, , , , , , , , , , , , , , , , , , , , 
0x7fcae7ef917d, 17, 0, 17, , , , , , , , , , , , , , , , , , , , 
0x7fcae7ef8f80, 17, 17, 0, , , , , , , , , , , , , , , , , , , , 
0x7fcae7ef2751, 16, , , , , , , , , , , , , , , , , , , , , , 
0x7fcae7f084dc, 16, 0, 16, , , , , , , , , , , , , , , , , , , , 
0x7fcad428a307, 15, 15, 0, , , , , , , , , , , , , , , , , , , , 
0x7fcae7efdbdc, 15, 12, 3, , , , , , , , , , , , , , , , , , , , 
0x7fcae7ef6395, 15, 0, 15, , , , , , , , , , , , , , , , , , , , 
0x7fcae7ef639d, 15, 0, 15, , , , , , , , , , , , , , , , , , , , 
0x7fcae7ef63aa, 15, 4, 11, , , , , , , , , , , , , , , , , , , , 
0x7fcae7ef8360, 15, 14, 1, , , , , , , , , , , , , , , , , , , , 
0x7fcae7eece9f, 15, 2, 13, , , , , , , , , , , , , , , , , , , , 
0x7fcae7ef63b3, 14, 14, 0, , , , , , , , , , , , , , , , , , , , 
0x7fcae7f0a660, 13, 1, 12, , , , , , , , , , , , , , , , , , , , 
0x7fcae7ef1fb0, 13, 4, 9, , , , , , , , , , , , , , , , , , , , 
0x7fcae7eecea5, 13, 13, 0, , , , , , , , , , , , , , , , , , , , 
0x7fcae7efdbc8, 12, 9, 3, , , , , , , , , , , , , , , , , , , , 
0x7fcae7f0a67a, 12, 6, 6, , , , , , , , , , , , , , , , , , , , 
0x7fcae7efdba9, 12, 0, 12, , , , , , , , , , , , , , , , , , , , 
0x7fcae7efdb90, 12, , , , , , , , , , , , , , , , , , , , , , 
0x7fcae7f0ba00, 12, 6, 6, , , , , , , , , , , , , , , , , , , , 
0x7fcae7eeddf4, 12, 4, 8, , , , , , , , , , , , , , , , , , , , 
0x7fcae7efdbd1, 12, , , , , , , , , , , , , , , , , , , , , , 
0x7fcae7efdbb6, 12, 12, 0, , , , , , , , , , , , , , , , , , , , 
0x7fcae7f0e580, 11, 5, 6, , , , , , , , , , , , , , , , , , , , 
0x7fcae7ef8ec5, 11, 0, 11, , , , , , , , , , , , , , , , , , , , 
0x7fcae7ef8ef4, 11, , , , , , , , , , , , , , , , , , , , , , 
0x7fcae7f045cc, 10, 10, 0, , , , , , , , , , , , , , , , , , , , 
0x7fcae7eee1fb, 10, 3, 7, , , , , , , , , , , , , , , , , , , , 
0x7fcae7ef84c8, 10, 9, 1, , , , , , , , , , , , , , , , , , , , 
0x7fcae7f045c4, 10, 0, 10, , , , , , , , , , , , , , , , , , , , 
0x7fcae7f045bb, 10, 0, 10, , , , , , , , , , , , , , , , , , , , 
0x7fcae7f045ae, 10, 0, 10, , , , , , , , , , , , , , , , , , , , 
0x7fcae7f045a0, 10, 0, 10, , , , , , , , , , , , , , , , , , , , 
0x7fcae7efdbf0, 9, , , , , , , , , , , , , , , , , , , , , , 
0x7fcae7f0de4a, 9, 3, 6, , , , , , , , , , , , , , , , , , , , 
0x7fcae7f0de20, 9, 0, 9, , , , , , , , , , , , , , , , , , , , 
0x7fcae7ef8c3c, 9, 7, 2, , , , , , , , , , , , , , , , , , , , 
0x7fcae7f085e0, 9, , , , , , , , , , , , , , , , , , , , , , 
0x7fcae7ef2288, 9, 8, 1, , , , , , , , , , , , , , , , , , , , 
0x7fcae7ef1fbb, 9, 0, 9, , , , , , , , , , , , , , , , , , , , 
0x7fcae7ef1fc3, 9, 0, 9, , , , , , , , , , , , , , , , , , , , 
0x7fcae7ef1fcc, 9, , , 0x7fcae7ef21b0, 4, 0x7fcae7ef2564, 2, 0x7fcae7ef2288, 1, 0x7fcae7ef2592, 1, 0x7fcae7ef24a8, 1, , , , , , , , , , 
0x7fcae7eed170, 9, 9, 0, , , , , , , , , , , , , , , , , , , , 
0x7fcae7f0466f, 9, , , , , , , , , , , , , , , , , , , , , , 
0x7fcae7f0e390, 9, 3, 6, , , , , , , , , , , , , , , , , , , , 
0x7fcae7ef69c0, 9, 9, 0, , , , , , , , , , , , , , , , , , , , 
0x7fcae7efbd39, 9, 5, 4, , , , , , , , , , , , , , , , , , , , 
0x7fcae7eed260, 9, , , , , , , , , , , , , , , , , , , , , , 
0x7fcae7f085c0, 9, 9, 0, , , , , , , , , , , , , , , , , , , , 
0x7fcae7eec0c0, 9, , , 0x7fcae7f085c0, 9, , , , , , , , , , , , , , , , , , 
0x7fcae7ef678b, 9, , , , , , , , , , , , , , , , , , , , , , 
0x7fcae7eed17a, 9, 1, 8, , , , , , , , , , , , , , , , , , , , 
0x7fcae7eede03, 8, 0, 8, , , , , , , , , , , , , , , , , , , , 
0x7fcae7f05640, 8, , , , , , , , , , , , , , , , , , , , , , 
0x7fcae7f0e3b4, 8, 1, 7, , , , , , , , , , , , , , , , , , , , 
0x7fcae7f047b0, 8, 0, 8, , , , , , , , , , , , , , , , , , , , 
0x7fcae7f047a4, 8, , , , , , , , , , , , , , , , , , , , , , 
0x7fcae7f047b4, 8, 6, 2, , , , , , , , , , , , , , , , , , , , 
0x7fcae7f04780, 8, 0, 8, , , , , , , , , , , , , , , , , , , , 
0x7fcae7eede08, 8, , , 0x7fcae7eee7ab, 4, 0x7fcae7eee5cd, 2, 0x7fcae7eee71e, 1, 0x7fcae7eee78a, 1, , , , , , , , , , , , 
0x7fcae7eed187, 8, 0, 8, , , , , , , , , , , , , , , , , , , , 
0x7fcae7eeddff, 8, 0, 8, , , , , , , , , , , , , , , , , , , , 
0x7fcae7eed1a9, 8, 0, 8, , , , , , , , , , , , , , , , , , , , 
0x7fcae7ef35a0, 8, 0, 8, , , , , , , , , , , , , , , , , , , , 
0x7fcae7f07840, 8, 8, 0, , , , , , , , , , , , , , , , , , , , 
0x7fcae7eed1ea, 8, 8, 0, , , , , , , , , , , , , , , , , , , , 
0x7fcae7ef35bc, 8, 6, 2, , , , , , , , , , , , , , , , , , , , 
0x7fcae7eed1e8, 8, 0, 8, , , , , , , , , , , , , , , , , , , , 
0x7fcae7f055e0, 8, 3, 5, , , , , , , , , , , , , , , , , , , , 
0x7fcae7eed1de, 8, 0, 8, , , , , , , , , , , , , , , , , , , , 
0x7fcae7eed1cd, 8, 0, 8, , , , , , , , , , , , , , , , , , , , 
0x7fcae7f05648, 8, , , , , , , , , , , , , , , , , , , , , , 
0x7fcae7f05611, 8, 8, 0, , , , , , , , , , , , , , , , , , , , 
0x7fcae7eed1b0, 8, 0, 8, , , , , , , , , , , , , , , , , , , , 
0x7fcae7f0e397, 7, 5, 2, , , , , , , , , , , , , , , , , , , , 
0x7fcae7efdf7b, 7, 3, 4, , , , , , , , , , , , , , , , , , , , 
0x7fcae7f05100, 7, 0, 7, , , , , , , , , , , , , , , , , , , , 
0x7fcae7f05104, 7, 0, 7, , , , , , , , , , , , , , , , , , , , 
0x7fcae7f05118, 7, 0, 7, , , , , , , , , , , , , , , , , , , , 
0x7fcae7f0e3b9, 7, 3, 4, , , , , , , , , , , , , , , , , , , , 
0x7fcae7f05122, 7, 0, 7, , , , , , , , , , , , , , , , , , , , 
0x7fcae7ef2728, 7, 1, 6, , , , , , , , , , , , , , , , , , , , 
0x7fcae7f0a683, 7, , , 0x7fcae7f0ac40, 2, 0x7fcae7f0b500, 2, 0x7fcae7f0aec0, 1, 0x7fcae7f0b140, 1, 0x7fcae7f0b640, 1, , , , , , , , , , 
0x7fcae7eee201, 7, 7, 0, , , , , , , , , , , , , , , , , , , , 
0x7fcae7efbcf0, 7, 6, 1, , , , , , , , , , , , , , , , , , , , 
0x7fcae7eede32, 7, 7, 0, , , , , , , , , , , , , , , , , , , , 
0x7fcae7f0a18e, 7, , , , , , , , , , , , , , , , , , , , , , 
0x7fcae7f0a186, 7, 0, 7, , , , , , , , , , , , , , , , , , , , 
0x7fcae7f0a16d, 7, 3, 4, , , , , , , , , , , , , , , , , , , , 
0x7fcae7f0a160, 7, 0, 7, , , , , , , , , , , , , , , , , , , , 
0x7fcae7f0513e, 7, 7, 0, , , , , , , , , , , , , , , , , , , , 
0x7fcae7ef8c30, 7, 0, 7, , , , , , , , , , , , , , , , , , , , 
0x7fcae7ef8c20, 7, 0, 7, , , , , , , , , , , , , , , , , , , , 
0x7fcae7f0e380, 7, , , , , , , , , , , , , , , , , , , , , , 
0x7fcae7ef95b8, 7, 7, 0, , , , , , , , , , , , , , , , , , , , 
0x7fcae7f0ba05, 7, 4, 3, , , , , , , , , , , , , , , , , , , , 
0x7fcae7ef8c10, 7, 0, 7, , , , , , , , , , , , , , , , , , , , 
0x7fcae7ef7340, 6, 0, 6, , , , , , , , , , , , , , , , , , , , 
0x7fcae7f0de5a, 6, , , , , , , , , , , , , , , , , , , , , , 
0x7fcae7eedf4a, 6, 1, 5, , , , , , , , , , , , , , , , , , , , 
0x7fcae7f0a64c, 6, 2, 4, , , , , , , , , , , , , , , , , , , , 
0x7fcae7ef8f24, 6, 0, 6, , , , , , , , , , , , , , , , , , , , 
0x7fcae7f0ba12, 6, , , , , , , , , , , , , , , , , , , , , , 
0x7fcae7f0a67c, 6, , , 0x7fcae7f0aec0, 1, 0x7fcae7f0b000, 1, 0x7fcae7f0b640, 1, 0x7fcae7f0b8c0, 1, 0x7fcae7f0ad80, 1, 0x7fcae7f0b780, 1, , , , , , , , 
0x7fcae7f047d0, 6, 6, 0, , , , , , , , , , , , , , , , , , , , 
0x7fcae7f0a050, 6, , , , , , , , , , , , , , , , , , , , , , 
0x7fcae7ef9844, 6, 3, 3, , , , , , , , , , , , , , , , , , , , 
0x7fcae7efbd46, 6, 3, 3, , , , , , , , , , , , , , , , , , , , 
0x7fcae7ef9e4e, 6, 6, 0, , , , , , , , , , , , , , , , , , , , 
0x7fcae7ef9e0e, 6, 0, 6, , , , , , , , , , , , , , , , , , , , 
0x7fcae7f0e5a2, 6, 2, 4, , , , , , , , , , , , , , , , , , , , 
0x7fcae7ef2734, 6, 1, 5, , , , , , , , , , , , , , , , , , , , 
0x7fcae7f083ea, 6, 6, 0, , , , , , , , , , , , , , , , , , , , 
0x7fcae7ef68a0, 6, , , , , , , , , , , , , , , , , , , , , , 
0x7fcae7ef71b0, 6, 6, 0, , , , , , , , , , , , , , , , , , , , 
0x7fcae7ef71fd, 6, 6, 0, , , , , , , , , , , , , , , , , , , , 
0x7fcae7ef9830, 6, 6, 0, , , , , , , , , , , , , , , , , , , , 
0x7fcae7ef7345, 6, 6, 0, , , , , , , , , , , , , , , , , , , , 
0x7fcae7ef73d6, 6, , , , , , , , , , , , , , , , , , , , , , 
0x7fcae7ef725c, 6, , , , , , , , , , , , , , , , , , , , , , 
0x7fcae7ef8f47, 6, 0, 6, , , , , , , , , , , , , , , , , , , , 
0x7fcae7ef8f51, 6, , , 0x7fcae7ef8f70, 6, , , , , , , , , , , , , , , , , , 
0x7fcae7f0a066, 6, , , , , , , , , , , , , , , , , , , , , , 
0x7fcae7f0e3a3, 6, , , , , , , , , , , , , , , , , , , , , , 
0x7fcae7f0e39d, 6, 0, 6, , , , , , , , , , , , , , , , , , , , 
0x7fcae7f0a05e, 6, 0, 6, , , , , , , , , , , , , , , , , , , , 
0x7fcae7eedf5a, 5, 1, 4, , , , , , , , , , , , , , , , , , , , 
0x7fcad428a3c8, 5, 3, 2, , , , , , , , , , , , , , , , , , , , 
0x7fcae7f0560a, 5, 5, 0, , , , , , , , , , , , , , , , , , , , 
0x7fcae7efbd64, 5, 3, 2, , , , , , , , , , , , , , , , , , , , 
0x7fcae7ef274b, 5, 4, 1, , , , , , , , , , , , , , , , , , , , 
0x7fcae7eece78, 5, 1, 4, , , , , , , , , , , , , , , , , , , , 
0x7fcae7ef8d60, 5, 2, 3, , , , , , , , , , , , , , , , , , , , 
0x7fcae7efde9d, 5, , , , , , , , , , , , , , , , , , , , , , 
0x7fcae7ef8ca5, 5, 3, 2, , , , , , , , , , , , , , , , , , , , 
0x7fcae7efde90, 5, 0, 5, , , , , , , , , , , , , , , , , , , , 
0x7fcad428a3b6, 5, 0, 5, , , , , , , , , , , , , , , , , , , , 
0x7fcad428a3af, 5, 0, 5, , , , , , , , , , , , , , , , , , , , 
0x7fcae7efdea8, 5, 5, 0, , , , , , , , , , , , , , , , , , , , 
0x7fcae7ef6480, 5, 5, 0, , , , , , , , , , , , , , , , , , , , 
0x7fcae7f0e636, 5, 3, 2, , , , , , , , , , , , , , , , , , , , 
0x7fcae7f0e62c, 5, 0, 5, , , , , , , , , , , , , , , , , , , , 
0x7fcae7efbd46, 4, 1, 3, , , , , , , , , , , , , , , , , , , , 
0x7fcae7ef2440, 4, 1, 3, , , , , , , , , , , , , , , , , , , , 
0x7fcae7ef2600, 4, 1, 3, , , , , , , , , , , , , , , , , , , , 
0x7fcae7ef21e3, 4, 1, 3, , , , , , , , , , , , , , , , , , , , 
0x7fcae7ef21c8, 4, 0, 4, , , , , , , , , , , , , , , , , , , , 
0x7fcae7ef21b0, 4, 0, 4, , , , , , , , , , , , , , , , , , , , 
0x7fcae7eee1d4, 4, 1, 3, , , , , , , , , , , , , , , , , , , , 
0x7fcae7f0e5a8, 4, , , , , , , , , , , , , , , , , , , , , , 
0x7fcae7f0e3be, 4, 2, 2, , , , , , , , , , , , , , , , , , , , 
0x7fcae7ef5169, 4, 1, 3, , , , , , , , , , , , , , , , , , , , 
0x7fcae7ef63aa, 4, 1, 3, , , , , , , , , , , , , , , , , , , , 
0x7fcae7eece88, 4, 1, 3, , , , , , , , , , , , , , , , , , , , 
0x7fcae7ef639d, 4, 0, 4, , , , , , , , , , , , , , , , , , , , 
0x7fcae7ef6395, 4, 0, 4, , , , , , , , , , , , , , , , , , , , 
0x7fcae7eedf71, 4, 4, 0, , , , , , , , , , , , , , , , , , , , 
0x7fcae7ef54e9, 4, 0, 4, , , , , , , , , , , , , , , , , , , , 
0x7fcae7f0a67a, 4, 1, 3, , , , , , , , , , , , , , , , , , , , 
0x7fcae7ef54ed, 4, 0, 4, , , , , , , , , , , , , , , , , , , , 
0x7fcae7efce70, 4, 3, 1, , , , , , , , , , , , , , , , , , , , 
0x7fcae7efce67, 4, 0, 4, , , , , , , , , , , , , , , , , , , , 
0x7fcae7efce61, 4, 0, 4, , , , , , , , , , , , , , , , , , , , 
0x562a3c3b7193, 4, 3, 1, , , , , , , , , , , , , , , , , , , , 
0x562a3c3b718a, 4, 4, 0, , , , , , , , , , , , , , , , , , , , 
0x562a3c3b7173, 4, , , , , , , , , , , , , , , , , , , , , , 
0x7fcae7ef54f7, 4, 2, 2, , , , , , , , , , , , , , , , , , , , 
0x7fcae7ef54c0, 4, 1, 3, , , , , , , , , , , , , , , , , , , , 
0x7fcae7efe590, 4, , , , , , , , , , , , , , , , , , , , , , 
0x7fcae7efddd0, 4, 0, 4, , , , , , , , , , , , , , , , , , , , 
0x7fcae7efddfa, 4, 2, 2, , , , , , , , , , , , , , , , , , , , 
0x7fcad41f1bf7, 4, 1, 3, , , , , , , , , , , , , , , , , , , , 
0x7fcae7eee840, 4, 1, 3, , , , , , , , , , , , , , , , , , , , 
0x7fcad41f1bf3, 4, 0, 4, , , , , , , , , , , , , , , , , , , , 
0x7fcae7ef8e8c, 4, 0, 4, , , , , , , , , , , , , , , , , , , , 
0x7fcae7ef8e96, 4, 0, 4, , , , , , , , , , , , , , , , , , , , 
0x7fcae7efdf85, 4, 0, 4, , , , , , , , , , , , , , , , , , , , 
0x7fcae7ef8ea0, 4, 0, 4, , , , , , , , , , , , , , , , , , , , 
0x7fcae7efdf91, 4, 4, 0, , , , , , , , , , , , , , , , , , , , 
0x7fcae7efe30c, 4, , , , , , , , , , , , , , , , , , , , , , 
0x7fcae7efe31d, 4, 0, 4, , , , , , , , , , , , , , , , , , , , 
0x7fcae7efe330, 4, 2, 2, , , , , , , , , , , , , , , , , , , , 
0x7fcae7efe3dc, 4, 1, 3, , , , , , , , , , , , , , , , , , , , 
0x7fcae7efe299, 4, , , , , , , , , , , , , , , , , , , , , , 
0x7fcae7ef80b0, 4, 0, 4, , , , , , , , , , , , , , , , , , , , 
0x7fcae7ef80c0, 4, 0, 4, , , , , , , , , , , , , , , , , , , , 
0x7fcae7efe59d, 4, 3, 1, , , , , , , , , , , , , , , , , , , , 
0x7fcae7eee7ab, 4, 3, 1, , , , , , , , , , , , , , , , , , , , 
0x7fcae7ef80db, 4, , , , , , , , , , , , , , , , , , , , , , 
0x7fcae7f0a179, 4, , , , , , , , , , , , , , , , , , , , , , 
0x7fcae7f0acaa, 4, 3, 1, , , , , , , , , , , , , , , , , , , , 
0x7fcae7f0ac70, 4, 0, 4, , , , , , , , , , , , , , , , , , , , 
0x7fcae7f0ac40, 4, 0, 4, , , , , , , , , , , , , , , , , , , , 
0x7fcae7efb850, 4, 1, 3, , , , , , , , , , , , , , , , , , , , 
0x7fcae7efe294, 3, 3, 0, , , , , , , , , , , , , , , , , , , , 
0x7fcae7efe27d, 3, 3, 0, , , , , , , , , , , , , , , , , , , , 
0x7fcae7efe432, 3, 0, 3, , , , , , , , , , , , , , , , , , , , 
0x7fcae7efb861, 3, 2, 1, , , , , , , , , , , , , , , , , , , , 
0x7fcae7efb8b0, 3, 1, 2, , , , , , , , , , , , , , , , , , , , 
0x7fcae7efe438, 3, 3, 0, , , , , , , , , , , , , , , , , , , , 
0x7fcae7efe570, 3, 3, 0, , , , , , , , , , , , , , , , , , , , 
0x7fcae7efe42f, 3, 3, 0, , , , , , , , , , , , , , , , , , , , 
0x7fcae7eee7cf, 3, 0, 3, , , , , , , , , , , , , , , , , , , , 
0x7fcae7eee7df, 3, 2, 1, , , , , , , , , , , , , , , , , , , , 
0x7fcad4260e38, 3, 1, 2, , , , , , , , , , , , , , , , , , , , 
0x7fcae7efe3ea, 3, , , , , , , , , , , , , , , , , , , , , , 
0x7fcae7f0e3dc, 3, , , , , , , , , , , , , , , , , , , , , , 
0x7fcae7eece9f, 3, 3, 0, , , , , , , , , , , , , , , , , , , , 
0x7fcae7efe370, 3, 2, 1, , , , , , , , , , , , , , , , , , , , 
0x7fcae7efbd64, 3, 3, 0, , , , , , , , , , , , , , , , , , , , 
0x7fcad4260b80, 3, 1, 2, , , , , , , , , , , , , , , , , , , , 
0x7fcad4260b3e, 3, 3, 0, , , , , , , , , , , , , , , , , , , , 
0x7fcae7efbd64, 3, 2, 1, , , , , , , , , , , , , , , , , , , , 
0x7fcae7eec160, 3, , , , , , , , , , , , , , , , , , , , , , 
0x7fcae7eeccfe, 3, 2, 1, , , , , , , , , , , , , , , , , , , , 
0x7fcad4260bf9, 3, , , , , , , , , , , , , , , , , , , , , , 
0x7fcae7efbde0, 3, 2, 1, , , , , , , , , , , , , , , , , , , , 
0x7fcae7efe04b, 3, 2, 1, , , , , , , , , , , , , , , , , , , , 
0x7fcae7efe08d, 3, , , , , , , , , , , , , , , , , , , , , , 
0x7fcae7efe085, 3, 0, 3, , , , , , , , , , , , , , , , , , , , 
0x7fcae7efe070, 3, , , , , , , , , , , , , , , , , , , , , , 
0x7fcae7eecc5b, 3, 2, 1, , , , , , , , , , , , , , , , , , , , 
0x7fcad4260beb, 3, 0, 3, , , , , , , , , , , , , , , , , , , , 
0x7fcae7ef8193, 3, 1, 2, , , , , , , , , , , , , , , , , , , , 
0x7fcae7efdf91, 3, 3, 0, , , , , , , , , , , , , , , , , , , , 
0x7fcae7efdf85, 3, 0, 3, , , , , , , , , , , , , , , , , , , , 
0x7fcae7efdf68, 3, 0, 3, , , , , , , , , , , , , , , , , , , , 
0x7fcae7efdf5e, 3, 0, 3, , , , , , , , , , , , , , , , , , , , 
0x7fcad4260bdd, 3, 0, 3, , , , , , , , , , , , , , , , , , , , 
0x7fcae7ef5175, 3, 0, 3, , , , , , , , , , , , , , , , , , , , 
0x7fcae7ef51ba, 3, 3, 0, , , , , , , , , , , , , , , , , , , , 
0x7fcae7eec150, 3, , , , , , , , , , , , , , , , , , , , , , 
0x7fcae7ef8170, 3, , , 0x7fcae7eec150, 3, , , , , , , , , , , , , , , , , , 
0x7fcae7eef4e0, 3, 1, 2, , , , , , , , , , , , , , , , , , , , 
0x7fcae7eee84c, 3, 2, 1, , , , , , , , , , , , , , , , , , , , 
0x7fcae7ef515b, 3, , , , , , , , , , , , , , , , , , , , , , 
0x7fcae7efd1f0, 3, 3, 0, , , , , , , , , , , , , , , , , , , , 
0x7fcae7efd250, 3, 2, 1, , , , , , , , , , , , , , , , , , , , 
0x7fcae7efaf00, 3, 0, 3, , , , , , , , , , , , , , , , , , , , 
0x7fcae7efaf0e, 3, 1, 2, , , , , , , , , , , , , , , , , , , , 
0x7fcae7efa6dc, 3, 2, 1, , , , , , , , , , , , , , , , , , , , 
0x7fcae7f0dbf0, 3, 0, 3, , , , , , , , , , , , , , , , , , , , 
0x7fcae7f0dc17, 3, 1, 2, , , , , , , , , , , , , , , , , , , , 
0x7fcae7efcf00, 3, 1, 2, , , , , , , , , , , , , , , , , , , , 
0x7fcae7f04400, 3, 1, 2, , , , , , , , , , , , , , , , , , , , 
0x7fcae7f04360, 3, 2, 1, , , , , , , , , , , , , , , , , , , , 
0x7fcae7efdbe0, 3, , , , , , , , , , , , , , , , , , , , , , 
0x7fcae7f043be, 3, 1, 2, , , , , , , , , , , , , , , , , , , , 
0x7fcae7f044bc, 3, , , , , , , , , , , , , , , , , , , , , , 
0x7fcae7ef89f0, 3, 0, 3, , , , , , , , , , , , , , , , , , , , 
0x7fcae7ef8a22, 3, 0, 3, , , , , , , , , , , , , , , , , , , , 
0x7fcae7ef8a45, 3, 3, 0, , , , , , , , , , , , , , , , , , , , 
0x7fcae7ef8d10, 3, 2, 1, , , , , , , , , , , , , , , , , , , , 
0x7fcae7efdbd1, 3, , , , , , , , , , , , , , , , , , , , , , 
0x7fcae7f0ba12, 3, , , , , , , , , , , , , , , , , , , , , , 
0x7fcae7f0e64e, 3, , , , , , , , , , , , , , , , , , , , , , 
0x7fcae7f04510, 3, 3, 0, , , , , , , , , , , , , , , , , , , , 
0x7fcae7f0a6a0, 3, 2, 1, , , , , , , , , , , , , , , , , , , , 
0x7fcae7f0a67c, 3, , , 0x7fcae7f0ac40, 2, 0x7fcae7f0b500, 1, , , , , , , , , , , , , , , , 
0x7fcae7f0438c, 3, 1, 2, , , , , , , , , , , , , , , , , , , , 
0x7fcae7ef8320, 3, 2, 1, , , , , , , , , , , , , , , , , , , , 
0x7fcae7ef8500, 3, , , , , , , , , , , , , , , , , , , , , , 
0x7fcae7f0458a, 3, 3, 0, , , , , , , , , , , , , , , , , , , , 
0x7fcae7f04580, 3, 0, 3, , , , , , , , , , , , , , , , , , , , 
0x7fcad41f1bea, 3, , , , , , , , , , , , , , , , , , , , , , 
0x7fcae7ef54c9, 3, 0, 3, , , , , , , , , , , , , , , , , , , , 
0x7fcae7ef54de, 3, , , , , , , , , , , , , , , , , , , , , , 
0x7fcad41f1c08, 3, 2, 1, , , , , , , , , , , , , , , , , , , , 
0x7fcad428a3d2, 3, 1, 2, , , , , , , , , , , , , , , , , , , , 
0x7fcad428a3a5, 3, , , , , , , , , , , , , , , , , , , , , , 
0x7fcad428a6b0, 3, , , , , , , , , , , , , , , , , , , , , , 
0x7fcad428a6a0, 3, 0, 3, , , , , , , , , , , , , , , , , , , , 
0x7fcad428a60f, 3, 3, 0, , , , , , , , , , , , , , , , , , , , 
0x7fcae7efa7aa, 3, 2, 1, , , , , , , , , , , , , , , , , , , , 
0x7fcad428a33f, 3, , , , , , , , , , , , , , , , , , , , , , 
0x7fcae7efa706, 3, 2, 1, , , , , , , , , , , , , , , , , , , , 
0x7fcae7ef8d87, 3, 3, 0, , , , , , , , , , , , , , , , , , , , 
0x7fcad428a43e, 3, , , , , , , , , , , , , , , , , , , , , , 
0x7fcad428a37e, 3, 1, 2, , , , , , , , , , , , , , , , , , , , 
0x7fcad428a377, 3, 0, 3, , , , , , , , , , , , , , , , , , , , 
0x7fcad428a36e, 3, , , , , , , , , , , , , , , , , , , , , , 
0x7fcad428a2b1, 3, 3, 0, , , , , , , , , , , , , , , , , , , , 
0x7fcad428a2a7, 3, 0, 3, , , , , , , , , , , , , , , , , , , , 
0x7fcad428a29e, 3, 0, 3, , , , , , , , , , , , , , , , , , , , 
0x7fcad428a307, 3, 3, 0, , , , , , , , , , , , , , , , , , , , 
0x7fcad428a302, 3, 0, 3, , , , , , , , , , , , , , , , , , , , 
0x7fcad428a300, 3, 0, 3, , , , , , , , , , , , , , , , , , , , 
0x7fcad428a2e6, 3, 0, 3, , , , , , , , , , , , , , , , , , , , 
0x7fcad428a2bc, 3, 3, 0, , , , , , , , , , , , , , , , , , , , 
0x7fcae7ef8290, 3, , , , , , , , , , , , , , , , , , , , , , 
0x7fcae7ef8284, 3, 0, 3, , , , , , , , , , , , , , , , , , , , 
0x7fcae7ef92e0, 3, 1, 2, , , , , , , , , , , , , , , , , , , , 
0x7fcad428a2b1, 3, 0, 3, , , , , , , , , , , , , , , , , , , , 
0x7fcad428a2a7, 3, 0, 3, , , , , , , , , , , , , , , , , , , , 
0x7fcad428a27d, 3, , , , , , , , , , , , , , , , , , , , , , 
0x7fcad428a248, 3, 0, 3, , , , , , , , , , , , , , , , , , , , 
0x7fcad428a240, 3, 0, 3, , , , , , , , , , , , , , , , , , , , 
0x7fcad428a5ea, 3, , , , , , , , , , , , , , , , , , , , , , 
0x7fcae7ef23a3, 3, 2, 1, , , , , , , , , , , , , , , , , , , , 
0x7fcae7ef2492, 3, 3, 0, , , , , , , , , , , , , , , , , , , , 
0x7fcae7ef2470, 3, , , , , , , , , , , , , , , , , , , , , , 
0x7fcae7ef245c, 3, 0, 3, , , , , , , , , , , , , , , , , , , , 
0x7fcad428a5da, 3, 0, 3, , , , , , , , , , , , , , , , , , , , 
0x7fcae7ef23c8, 3, 2, 1, , , , , , , , , , , , , , , , , , , , 
0x7fcae7ef23b9, 3, 0, 3, , , , , , , , , , , , , , , , , , , , 
0x7fcae7ef2608, 3, 2, 1, , , , , , , , , , , , , , , , , , , , 
0x7fcad428a5d3, 3, , , , , , , , , , , , , , , , , , , , , , 
0x7fcad428a5a3, 3, , , , , , , , , , , , , , , , , , , , , , 
0x7fcad428a570, 3, 0, 3, , , , , , , , , , , , , , , , , , , , 
0x7fcae7efcca1, 3, 2, 1, , , , , , , , , , , , , , , , , , , , 
0x7fcae7efcb00, 3, 1, 2, , , , , , , , , , , , , , , , , , , , 
0x7fcae7ef8dae, 3, 2, 1, , , , , , , , , , , , , , , , , , , , 
0x7fcae7ef8d9e, 3, 0, 3, , , , , , , , , , , , , , , , , , , , 
0x7fcae7ef8cf8, 3, , , , , , , , , , , , , , , , , , , , , , 
0x7fcae7ef97a9, 3, 3, 0, , , , , , , , , , , , , , , , , , , , 
0x7fcae7f0a243, 3, , , , , , , , , , , , , , , , , , , , , , 
0x7fcae7f0a23b, 3, 0, 3, , , , , , , , , , , , , , , , , , , , 
0x7fcae7f0a230, 3, , , , , , , , , , , , , , , , , , , , , , 
0x7fcae7ef9799, 3, , , , , , , , , , , , , , , , , , , , , , 
0x7fcae7ef9770, 3, 0, 3, , , , , , , , , , , , , , , , , , , , 
0x7fcae7f0a1b0, 3, 3, 0, , , , , , , , , , , , , , , , , , , , 
0x7fcae7f0a179, 3, , , , , , , , , , , , , , , , , , , , , , 
0x7fcae7ef2243, 3, 3, 0, , , , , , , , , , , , , , , , , , , , 
0x7fcae7f0b500, 3, 1, 2, , , , , , , , , , , , , , , , , , , , 
0x7fcae7ef8210, 3, 1, 2, , , , , , , , , , , , , , , , , , , , 
0x7fcae7ef8bd4, 3, 2, 1, , , , , , , , , , , , , , , , , , , , 
0x7fcae7eee14f, 3, 3, 0, , , , , , , , , , , , , , , , , , , , 
0x7fcae7ef8f3b, 3, 3, 0, , , , , , , , , , , , , , , , , , , , 
0x7fcae7f0de5e, 3, 0, 3, , , , , , , , , , , , , , , , , , , , 
0x7fcae7eee130, 3, 1, 2, , , , , , , , , , , , , , , , , , , , 
0x7fcae7f0dea2, 3, , , , , , , , , , , , , , , , , , , , , , 
0x7fcae7ef984d, 3, , , , , , , , , , , , , , , , , , , , , , 
0x7fcae7ef8f91, 3, 3, 0, , , , , , , , , , , , , , , , , , , , 
0x7fcae7eee1e4, 3, 1, 2, , , , , , , , , , , , , , , , , , , , 
0x7fcae7ef2080, 3, 1, 2, , , , , , , , , , , , , , , , , , , , 
0x7fcae7ef8e8c, 2, 0, 2, , , , , , , , , , , , , , , , , , , , 
0x7fcae7ef2099, 2, 2, 0, , , , , , , , , , , , , , , , , , , , 
0x7fcae7ef208e, 2, 0, 2, , , , , , , , , , , , , , , , , , , , 
0x7fcae7ef8e7f, 2, 0, 2, , , , , , , , , , , , , , , , , , , , 
0x7fcae7efd280, 2, , , , , , , , , , , , , , , , , , , , , , 
0x7fcae7efd214, 2, 2, 0, , , , , , , , , , , , , , , , , , , , 
0x7fcae7ef3810, 2, 1, 1, , , , , , , , , , , , , , , , , , , , 
0x7fcae7ef3679, 2, 2, 0, , , , , , , , , , , , , , , , , , , , 
0x7fcae7ef8e96, 2, 0, 2, , , , , , , , , , , , , , , , , , , , 
0x7fcae7ef8ea0, 2, 0, 2, , , , , , , , , , , , , , , , , , , , 
0x7fcae7ef3664, 2, 0, 2, , , , , , , , , , , , , , , , , , , , 
0x7fcae7ef8ec5, 2, 0, 2, , , , , , , , , , , , , , , , , , , , 
0x7fcae7ef8e6b, 2, 0, 2, , , , , , , , , , , , , , , , , , , , 
0x7fcae7eee1fb, 2, 1, 1, , , , , , , , , , , , , , , , , , , , 
0x7fcae7ef363b, 2, , , , , , , , , , , , , , , , , , , , , , 
0x7fcae7ef362d, 2, 0, 2, , , , , , , , , , , , , , , , , , , , 
0x7fcae7ef35f9, 2, 2, 0, , , , , , , , , , , , , , , , , , , , 
0x7fcae7ef35ec, 2, 0, 2, , , , , , , , , , , , , , , , , , , , 
0x7fcae7ef35db, 2, 0, 2, , , , , , , , , , , , , , , , , , , , 
0x7fcae7eee201, 2, 2, 0, , , , , , , , , , , , , , , , , , , , 
0x7fcae7ef35cb, 2, 0, 2, , , , , , , , , , , , , , , , , , , , 
0x7fcae7ef35c1, 2, 0, 2, , , , , , , , , , , , , , , , , , , , 
0x7fcae7ef8ef4, 2, , , , , , , , , , , , , , , , , , , , , , 
0x7fcae7ef8e5b, 2, 0, 2, , , , , , , , , , , , , , , , , , , , 
0x7fcae7ef6e5c, 2, , , , , , , , , , , , , , , , , , , , , , 
0x7fcae7ef6b37, 2, 2, 0, , , , , , , , , , , , , , , , , , , , 
0x7fcae7eee142, 2, 1, 1, , , , , , , , , , , , , , , , , , , , 
0x7fcae7eee139, 2, 0, 2, , , , , , , , , , , , , , , , , , , , 
0x7fcae7ef8e52, 2, 0, 2, , , , , , , , , , , , , , , , , , , , 
0x7fcae7ef8e48, 2, 0, 2, , , , , , , , , , , , , , , , , , , , 
0x7fcae7ef8cc1, 2, 0, 2, , , , , , , , , , , , , , , , , , , , 
0x7fcae7ef8cd2, 2, 0, 2, , , , , , , , , , , , , , , , , , , , 
0x7fcae7f047b6, 2, 2, 0, , , , , , , , , , , , , , , , , , , , 
0x7fcae7ef8e01, 2, 0, 2, , , , , , , , , , , , , , , , , , , , 
0x7fcae7ef8c47, 2, 1, 1, , , , , , , , , , , , , , , , , , , , 
0x7fcad426e4d0, 2, 0, 2, , , , , , , , , , , , , , , , , , , , 
0x7fcad426e4d6, 2, 0, 2, , , , , , , , , , , , , , , , , , , , 
0x7fcad426e4db, 2, , , , , , , , , , , , , , , , , , , , , , 
0x7fcae7ef8c93, 2, 1, 1, , , , , , , , , , , , , , , , , , , , 
0x7fcad428ace0, 2, , , , , , , , , , , , , , , , , , , , , , 
0x7fcae7ef8c93, 2, 2, 0, , , , , , , , , , , , , , , , , , , , 
0x7fcad428a7e0, 2, , , , , , , , , , , , , , , , , , , , , , 
0x7fcae7ef8c93, 2, 2, 0, , , , , , , , , , , , , , , , , , , , 
0x7fcad426d670, 2, , , , , , , , , , , , , , , , , , , , , , 
0x7fcae7ef8c93, 2, 2, 0, , , , , , , , , , , , , , , , , , , , 
0x7fcae7f0b640, 2, 2, 0, , , , , , , , , , , , , , , , , , , , 
0x7fcae7f0b56a, 2, 2, 0, , , , , , , , , , , , , , , , , , , , 
0x7fcae7f0b530, 2, 0, 2, , , , , , , , , , , , , , , , , , , , 
0x7fcae7ef8248, 2, , , , , , , , , , , , , , , , , , , , , , 
0x7fcae7f09e33, 2, , , , , , , , , , , , , , , , , , , , , , 
0x7fcae7f09e2b, 2, 0, 2, , , , , , , , , , , , , , , , , , , , 
0x7fcae7f09e20, 2, , , , , , , , , , , , , , , , , , , , , , 
0x7fcad428adb0, 2, 2, 0, , , , , , , , , , , , , , , , , , , , 
0x7fcad428ae08, 2, , , , , , , , , , , , , , , , , , , , , , 
0x7fcae7ef2564, 2, , , , , , , , , , , , , , , , , , , , , , 
0x7fcae7ef1990, 2, 2, 0, , , , , , , , , , , , , , , , , , , , 
0x7fcae7ef8c93, 2, 2, 0, , , , , , , , , , , , , , , , , , , , 
0x7fcae7ef1ad0, 2, 2, 0, , , , , , , , , , , , , , , , , , , , 
0x7fcae7ef1b48, 2, 2, 0, , , , , , , , , , , , , , , , , , , , 
0x7fcae7ef1b7d, 2, 0, 2, , , , , , , , , , , , , , , , , , , , 
0x7fcae7ef1b8b, 2, , , , , , , , , , , , , , , , , , , , , , 
0x7fcae7ef83a1, 2, 1, 1, , , , , , , , , , , , , , , , , , , , 
0x7fcae7ef836c, 2, 0, 2, , , , , , , , , , , , , , , , , , , , 
0x7fcae7ef8dc6, 2, 0, 2, , , , , , , , , , , , , , , , , , , , 
0x7fcae7eef53a, 2, 1, 1, , , , , , , , , , , , , , , , , , , , 
0x7fcae7ef8b00, 2, 0, 2, , , , , , , , , , , , , , , , , , , , 
0x7fcae7ef8b21, 2, 0, 2, , , , , , , , , , , , , , , , , , , , 
0x7fcae7ef8b52, 2, 1, 1, , , , , , , , , , , , , , , , , , , , 
0x7fcae7ef8baf, 2, 2, 0, , , , , , , , , , , , , , , , , , , , 
0x7fcae7f09d41, 2, , , , , , , , , , , , , , , , , , , , , , 
0x7fcae7ef825a, 2, , , , , , , , , , , , , , , , , , , , , , 
0x7fcae7ef1bab, 2, 0, 2, , , , , , , , , , , , , , , , , , , , 
0x7fcae7f09d39, 2, 0, 2, , , , , , , , , , , , , , , , , , , , 
0x7fcae7ef8ce8, 2, 2, 0, , , , , , , , , , , , , , , , , , , , 
0x7fcae7ef1bb4, 2, 1, 1, , , , , , , , , , , , , , , , , , , , 
0x7fcae7efcb32, 2, 1, 1, , , , , , , , , , , , , , , , , , , , 
0x7fcae7efcba3, 2, , , , , , , , , , , , , , , , , , , , , , 
0x7fcae7ef1b32, 2, , , , , , , , , , , , , , , , , , , , , , 
0x7fcae7efcc80, 2, 0, 2, , , , , , , , , , , , , , , , , , , , 
0x7fcae7efcc94, 2, , , , , , , , , , , , , , , , , , , , , , 
0x7fcae7ef257c, 2, 0, 2, , , , , , , , , , , , , , , , , , , , 
0x7fcae7ef2584, 2, , , , , , , , , , , , , , , , , , , , , , 
0x7fcae7ef8dae, 2, 0, 2, , , , , , , , , , , , , , , , , , , , 
0x7fcae7ef931c, 2, 2, 0, , , , , , , , , , , , , , , , , , , , 
0x7fcae7f0e5b3, 2, 2, 0, , , , , , , , , , , , , , , , , , , , 
0x7fcae7f0e5cf, 2, 0, 2, , , , , , , , , , , , , , , , , , , , 
0x7fcae7f0e60e, 2, 1, 1, , , , , , , , , , , , , , , , , , , , 
0x7fcae7ef9309, 2, 2, 0, , , , , , , , , , , , , , , , , , , , 
0x7fcae7ef92ff, 2, 0, 2, , , , , , , , , , , , , , , , , , , , 
0x7fcae7ef92e9, 2, 0, 2, , , , , , , , , , , , , , , , , , , , 
0x7fcae7f0e3c3, 2, 0, 2, , , , , , , , , , , , , , , , , , , , 
0x7fcae7ef2751, 2, , , , , , , , , , , , , , , , , , , , , , 
0x7fcae7ef81b0, 2, 1, 1, , , , , , , , , , , , , , , , , , , , 
0x7fcae7ef552f, 2, , , , , , , , , , , , , , , , , , , , , , 
0x7fcae7f09d32, 2, , , , , , , , , , , , , , , , , , , , , , 
0x7fcae7f09d20, 2, 0, 2, , , , , , , , , , , , , , , , , , , , 
0x7fcae7f09f70, 2, , , , , , , , , , , , , , , , , , , , , , 
0x7fcae7efa515, 2, , , , , , , , , , , , , , , , , , , , , , 
0x7fcae7f08cba, 2, , , , , , , , , , , , , , , , , , , , , , 
0x7fcae7efa963, 2, 0, 2, , , , , , , , , , , , , , , , , , , , 
0x7fcae7efa971, 2, 0, 2, , , , , , , , , , , , , , , , , , , , 
0x7fcae7efa981, 2, 2, 0, , , , , , , , , , , , , , , , , , , , 
0x7fcae7efa99e, 2, 1, 1, , , , , , , , , , , , , , , , , , , , 
0x7fcae7f09f68, 2, 0, 2, , , , , , , , , , , , , , , , , , , , 
0x7fcae7f0e3c5, 2, , , , , , , , , , , , , , , , , , , , , , 
0x7fcad428a38a, 2, 0, 2, , , , , , , , , , , , , , , , , , , , 
0x7fcae7f09f56, 2, , , , , , , , , , , , , , , , , , , , , , 
0x7fcad428a3e5, 2, 2, 0, , , , , , , , , , , , , , , , , , , , 
0x7fcae7ef82c9, 2, 1, 1, , , , , , , , , , , , , , , , , , , , 
0x7fcae7efa77b, 2, 2, 0, , , , , , , , , , , , , , , , , , , , 
0x7fcae7efa7a0, 2, 2, 0, , , , , , , , , , , , , , , , , , , , 
0x7fcae7efb43f, 2, , , , , , , , , , , , , , , , , , , , , , 
0x7fcae7efa78a, 2, , , , , , , , , , , , , , , , , , , , , , 
0x7fcad428a393, 2, , , , , , , , , , , , , , , , , , , , , , 
0x7fcad428a3b6, 2, 2, 0, , , , , , , , , , , , , , , , , , , , 
0x7fcad428a3a0, 2, 0, 2, , , , , , , , , , , , , , , , , , , , 
0x7fcad428a3a5, 2, , , , , , , , , , , , , , , , , , , , , , 
0x7fcad428a3cd, 2, 2, 0, , , , , , , , , , , , , , , , , , , , 
0x7fcae7efa6b4, 2, 2, 0, , , , , , , , , , , , , , , , , , , , 
0x7fcae7efac90, 2, 1, 1, , , , , , , , , , , , , , , , , , , , 
0x7fcad428a3db, 2, 1, 1, , , , , , , , , , , , , , , , , , , , 
0x7fcad428a479, 2, 1, 1, , , , , , , , , , , , , , , , , , , , 
0x7fcae7f04290, 2, 0, 2, , , , , , , , , , , , , , , , , , , , 
0x7fcae7f09f48, 2, 0, 2, , , , , , , , , , , , , , , , , , , , 
0x7fcae7f09f30, 2, 0, 2, , , , , , , , , , , , , , , , , , , , 
0x7fcae7ef5503, 2, , , , , , , , , , , , , , , , , , , , , , 
0x7fcae7f042bf, 2, 2, 0, , , , , , , , , , , , , , , , , , , , 
0x7fcae7ef8b8b, 2, 1, 1, , , , , , , , , , , , , , , , , , , , 
0x7fcad41f1c30, 2, , , , , , , , , , , , , , , , , , , , , , 
0x7fcae7ef8aa1, 2, 1, 1, , , , , , , , , , , , , , , , , , , , 
0x7fcae7ef8a84, 2, 0, 2, , , , , , , , , , , , , , , , , , , , 
0x7fcae7f04300, 2, 0, 2, , , , , , , , , , , , , , , , , , , , 
0x7fcae7f0430d, 2, , , , , , , , , , , , , , , , , , , , , , 
0x7fcae7ef8a6d, 2, 0, 2, , , , , , , , , , , , , , , , , , , , 
0x7fcae7ef8a5e, 2, 0, 2, , , , , , , , , , , , , , , , , , , , 
0x7fcae7f04392, 2, 0, 2, , , , , , , , , , , , , , , , , , , , 
0x7fcae7f043b5, 2, 2, 0, , , , , , , , , , , , , , , , , , , , 
0x7fcae7f0e63b, 2, 2, 0, , , , , , , , , , , , , , , , , , , , 
0x7fcae7f04331, 2, 1, 1, , , , , , , , , , , , , , , , , , , , 
0x7fcae7f043b5, 2, 1, 1, , , , , , , , , , , , , , , , , , , , 
0x7fcae7f0e655, 2, , , , , , , , , , , , , , , , , , , , , , 
0x7fcae7f044cf, 2, , , , , , , , , , , , , , , , , , , , , , 
0x7fcae7f043cb, 2, 0, 2, , , , , , , , , , , , , , , , , , , , 
0x7fcae7f043d1, 2, , , , , , , , , , , , , , , , , , , , , , 
0x7fcae7f043cb, 2, 2, 0, , , , , , , , , , , , , , , , , , , , 
0x7fcae7f04408, 2, 2, 0, , , , , , , , , , , , , , , , , , , , 
0x7fcae7f043e1, 2, , , , , , , , , , , , , , , , , , , , , , 
0x7fcae7ef54de, 2, , , , , , , , , , , , , , , , , , , , , , 
0x7fcae7ef54c9, 2, 0, 2, , , , , , , , , , , , , , , , , , , , 
0x7fcae7ef549c, 2, 2, 0, , , , , , , , , , , , , , , , , , , , 
0x7fcae7ef5485, 2, 0, 2, , , , , , , , , , , , , , , , , , , , 
0x7fcae7ef5460, 2, 0, 2, , , , , , , , , , , , , , , , , , , , 
0x7fcae7efa4e0, 2, , , , , , , , , , , , , , , , , , , , , , 
0x7fcae7f08cae, 2, , , 0x7fcae7efa4e0, 2, , , , , , , , , , , , , , , , , , 
0x7fcae7f08ca3, 2, 0, 2, , , , , , , , , , , , , , , , , , , , 
0x7fcae7f0a2f0, 2, , , , , , , , , , , , , , , , , , , , , , 
0x7fcae7f08c7c, 2, , , , , , , , , , , , , , , , , , , , , , 
0x7fcae7f08c50, 2, 0, 2, , , , , , , , , , , , , , , , , , , , 
0x7fcae7efcf14, 2, 2, 0, , , , , , , , , , , , , , , , , , , , 
0x7fcae7efcfc8, 2, 2, 0, , , , , , , , , , , , , , , , , , , , 
0x7fcae7efcf8d, 2, 0, 2, , , , , , , , , , , , , , , , , , , , 
0x7fcae7eec090, 2, , , 0x7fcae7f08c50, 2, , , , , , , , , , , , , , , , , , 
0x7fcae7efa942, 2, , , , , , , , , , , , , , , , , , , , , , 
0x7fcae7efab58, 2, , , , , , , , , , , , , , , , , , , , , , 
0x7fcae7efa864, 2, 2, 0, , , , , , , , , , , , , , , , , , , , 
0x7fcae7f0dc37, 2, , , , , , , , , , , , , , , , , , , , , , 
0x7fcae7eef094, 2, 1, 1, , , , , , , , , , , , , , , , , , , , 
0x7fcae7eef51b, 2, , , , , , , , , , , , , , , , , , , , , , 
0x7fcae7ef47a0, 2, , , , , , , , , , , , , , , , , , , , , , 
0x7fcae7efa84d, 2, , , , , , , , , , , , , , , , , , , , , , 
0x7fcae7efa816, 2, 0, 2, , , , , , , , , , , , , , , , , , , , 
0x7fcae7efa7d0, 2, 0, 2, , , , , , , , , , , , , , , , , , , , 
0x7fcae7eef50a, 2, 0, 2, , , , , , , , , , , , , , , , , , , , 
0x7fcae7efaf1b, 2, 1, 1, , , , , , , , , , , , , , , , , , , , 
0x7fcae7ef84e5, 2, , , , , , , , , , , , , , , , , , , , , , 
0x7fcae7efde27, 2, 0, 2, , , , , , , , , , , , , , , , , , , , 
0x7fcae7efde4f, 2, 2, 0, , , , , , , , , , , , , , , , , , , , 
0x7fcae7efde9d, 2, , , , , , , , , , , , , , , , , , , , , , 
0x7fcae7eef4ee, 2, 0, 2, , , , , , , , , , , , , , , , , , , , 
0x7fcae7efdea8, 2, 0, 2, , , , , , , , , , , , , , , , , , , , 
0x7fcae7efdeac, 2, 0, 2, , , , , , , , , , , , , , , , , , , , 
0x7fcae7efcf94, 2, 0, 2, , , , , , , , , , , , , , , , , , , , 
0x7fcae7efcfa2, 2, 1, 1, , , , , , , , , , , , , , , , , , , , 
0x7fcae7efdeb8, 2, 1, 1, , , , , , , , , , , , , , , , , , , , 
0x7fcae7ef81a6, 2, 1, 1, , , , , , , , , , , , , , , , , , , , 
0x7fcae7f08220, 2, 0, 2, , , , , , , , , , , , , , , , , , , , 
0x7fcae7f08231, 2, 1, 1, , , , , , , , , , , , , , , , , , , , 
0x7fcae7efe098, 2, 2, 0, , , , , , , , , , , , , , , , , , , , 
0x7fcae7efbd46, 2, 1, 1, , , , , , , , , , , , , , , , , , , , 
0x7fcae7efbd28, 2, 0, 2, , , , , , , , , , , , , , , , , , , , 
0x7fcae7efbd69, 2, 2, 0, , , , , , , , , , , , , , , , , , , , 
0x7fcae7efe252, 2, 1, 1, , , , , , , , , , , , , , , , , , , , 
0x7fcae7efdf51, 2, 0, 2, , , , , , , , , , , , , , , , , , , , 
0x7fcae7efe357, 2, , , , , , , , , , , , , , , , , , , , , , 
0x7fcae7efe3a9, 2, 2, 0, , , , , , , , , , , , , , , , , , , , 
0x7fcae7eee5cd, 2, 1, 1, , , , , , , , , , , , , , , , , , , , 
0x7fcae7efe3d0, 2, 2, 0, , , , , , , , , , , , , , , , , , , , 
0x7fcad4260b94, 2, 2, 0, , , , , , , , , , , , , , , , , , , , 
0x7fcae7efbccb, 2, 1, 1, , , , , , , , , , , , , , , , , , , , 
0x7fcae7efdf41, 2, 0, 2, , , , , , , , , , , , , , , , , , , , 
0x7fcae7efbc8e, 2, 1, 1, , , , , , , , , , , , , , , , , , , , 
0x7fcae7efbc71, 2, , , , , , , , , , , , , , , , , , , , , , 
0x7fcae7f0e3e9, 2, , , , , , , , , , , , , , , , , , , , , , 
0x7fcae7f0e3a3, 2, , , , , , , , , , , , , , , , , , , , , , 
0x7fcae7f0e39d, 2, 0, 2, , , , , , , , , , , , , , , , , , , , 
0x7fcae7efdf25, 2, 0, 2, , , , , , , , , , , , , , , , , , , , 
0x7fcad4260e50, 2, 0, 2, , , , , , , , , , , , , , , , , , , , 
0x7fcae7efb8cb, 2, 2, 0, , , , , , , , , , , , , , , , , , , , 
0x7fcae7efe2f3, 2, 2, 0, , , , , , , , , , , , , , , , , , , , 
0x7fcae7efe263, 2, , , , , , , , , , , , , , , , , , , , , , 
0x7fcad4260e58, 2, 2, 0, , , , , , , , , , , , , , , , , , , , 
0x7fcae7ef8c93, 1, 1, 0, , , , , , , , , , , , , , , , , , , , 
0x7fcae7ef3808, 1, , , , , , , , , , , , , , , , , , , , , , 
0x7fcae7efb861, 1, 1, 0, , , , , , , , , , , , , , , , , , , , 
0x7fcae7efb866, 1, 0, 1, , , , , , , , , , , , , , , , , , , , 
0x7fcae7efb874, 1, 0, 1, , , , , , , , , , , , , , , , , , , , 
0x7fcae7efb880, 1, 0, 1, , , , , , , , , , , , , , , , , , , , 
0x7fcae7efb891, 1, , , , , , , , , , , , , , , , , , , , , , 
0x7fcae7efb8cb, 1, 1, 0, , , , , , , , , , , , , , , , , , , , 
0x7fcad42b1110, 1, , , , , , , , , , , , , , , , , , , , , , 
0x7fcad42149bb, 1, , , , , , , , , , , , , , , , , , , , , , 
0x7fcae7efb83e, 1, , , , , , , , , , , , , , , , , , , , , , 
0x7fcae7efb826, 1, 0, 1, , , , , , , , , , , , , , , , , , , , 
0x7fcad42149b2, 1, 0, 1, , , , , , , , , , , , , , , , , , , , 
0x7fcae7efbe23, 1, 1, 0, , , , , , , , , , , , , , , , , , , , 
0x7fcad4260fb3, 1, , , , , , , , , , , , , , , , , , , , , , 
0x7fcad4260f9f, 1, 0, 1, , , , , , , , , , , , , , , , , , , , 
0x7fcae7efbe5f, 1, 0, 1, , , , , , , , , , , , , , , , , , , , 
0x7fcae7efbe6c, 1, 0, 1, , , , , , , , , , , , , , , , , , , , 
0x7fcae7efbe8f, 1, 1, 0, , , , , , , , , , , , , , , , , , , , 
0x7fcae7efbf70, 1, , , , , , , , , , , , , , , , , , , , , , 
0x7fcae7efbeb0, 1, 0, 1, , , , , , , , , , , , , , , , , , , , 
0x7fcae7efbec5, 1, , , , , , , , , , , , , , , , , , , , , , 
0x7fcae7efbeeb, 1, 1, 0, , , , , , , , , , , , , , , , , , , , 
0x7fcad4260f76, 1, 1, 0, , , , , , , , , , , , , , , , , , , , 
0x7fcae7efbf9a, 1, , , , , , , , , , , , , , , , , , , , , , 
0x7fcae7efba2a, 1, 0, 1, , , , , , , , , , , , , , , , , , , , 
0x7fcae7efba33, 1, 0, 1, , , , , , , , , , , , , , , , , , , , 
0x7fcae7efba67, 1, 0, 1, , , , , , , , , , , , , , , , , , , , 
0x7fcae7efba79, 1, 0, 1, , , , , , , , , , , , , , , , , , , , 
0x7fcae7efbaa6, 1, 1, 0, , , , , , , , , , , , , , , , , , , , 
0x7fcad4260f5b, 1, 0, 1, , , , , , , , , , , , , , , , , , , , 
0x7fcae7efc076, 1, , , , , , , , , , , , , , , , , , , , , , 
0x7fcae7efbb18, 1, 1, 0, , , , , , , , , , , , , , , , , , , , 
0x7fcad4260f48, 1, 0, 1, , , , , , , , , , , , , , , , , , , , 
0x7fcae7eec100, 1, , , , , , , , , , , , , , , , , , , , , , 
0x7fcae7efc04c, 1, 0, 1, , , , , , , , , , , , , , , , , , , , 
0x7fcae7efc056, 1, , , , , , , , , , , , , , , , , , , , , , 
0x7fcae7efbb9a, 1, , , , , , , , , , , , , , , , , , , , , , 
0x7fcae7efbbdc, 1, 0, 1, , , , , , , , , , , , , , , , , , , , 
0x7fcae7efbbf5, 1, 0, 1, , , , , , , , , , , , , , , , , , , , 
0x7fcae7efbc27, 1, , , , , , , , , , , , , , , , , , , , , , 
0x7fcae7efb816, 1, 0, 1, , , , , , , , , , , , , , , , , , , , 
0x7fcae7efb7fa, 1, 0, 1, , , , , , , , , , , , , , , , , , , , 
0x7fcae7efb7f0, 1, 0, 1, , , , , , , , , , , , , , , , , , , , 
0x7fcae7eecdf0, 1, 0, 1, , , , , , , , , , , , , , , , , , , , 
0x7fcae7eece43, 1, , , , , , , , , , , , , , , , , , , , , , 
0x7fcae7efb804, 1, 1, 0, , , , , , , , , , , , , , , , , , , , 
0x7fcad4260e50, 1, 1, 0, , , , , , , , , , , , , , , , , , , , 
0x7fcae7efbc9d, 1, , , , , , , , , , , , , , , , , , , , , , 
0x7fcae7efb7e9, 1, 1, 0, , , , , , , , , , , , , , , , , , , , 
0x7fcae7efbcb2, 1, 0, 1, , , , , , , , , , , , , , , , , , , , 
0x7fcae7efbcbf, 1, , , , , , , , , , , , , , , , , , , , , , 
0x7fcae7efb7c2, 1, 0, 1, , , , , , , , , , , , , , , , , , , , 
0x7fcae7efbcd7, 1, 1, 0, , , , , , , , , , , , , , , , , , , , 
0x7fcad4260e14, 1, , , , , , , , , , , , , , , , , , , , , , 
0x7fcae7efbc60, 1, , , , , , , , , , , , , , , , , , , , , , 
0x7fcae7efbc88, 1, 1, 0, , , , , , , , , , , , , , , , , , , , 
0x7fcad4260de2, 1, 0, 1, , , , , , , , , , , , , , , , , , , , 
0x7fcad4260dd2, 1, 0, 1, , , , , , , , , , , , , , , , , , , , 
0x7fcae7efbcbf, 1, , , , , , , , , , , , , , , , , , , , , , 
0x7fcae7efb780, 1, , , , , , , , , , , , , , , , , , , , , , 
0x7fcae7efbd09, 1, 0, 1, , , , , , , , , , , , , , , , , , , , 
0x7fcae7efbd15, 1, 0, 1, , , , , , , , , , , , , , , , , , , , 
0x7fcae7ef5050, 1, , , , , , , , , , , , , , , , , , , , , , 
0x7fcae7eeee62, 1, , , , , , , , , , , , , , , , , , , , , , 
0x7fcad4260dc0, 1, 0, 1, , , , , , , , , , , , , , , , , , , , 
0x7fcae7eeece0, 1, 1, 0, , , , , , , , , , , , , , , , , , , , 
0x7fcae7eeecd2, 1, 0, 1, , , , , , , , , , , , , , , , , , , , 
0x7fcae7eeecce, 1, 0, 1, , , , , , , , , , , , , , , , , , , , 
0x7fcae7f082a7, 1, , , , , , , , , , , , , , , , , , , , , , 
0x7fcae7f0829c, 1, 0, 1, , , , , , , , , , , , , , , , , , , , 
0x7fcad4260fd8, 1, , , , , , , , , , , , , , , , , , , , , , 
0x7fcae7f08286, 1, 0, 1, , , , , , , , , , , , , , , , , , , , 
0x7fcae7f08247, 1, , , , , , , , , , , , , , , , , , , , , , 
0x7fcae7efbd64, 1, 1, 0, , , , , , , , , , , , , , , , , , , , 
0x7fcae7efbd69, 1, 0, 1, , , , , , , , , , , , , , , , , , , , 
0x7fcae7efbd72, 1, 0, 1, , , , , , , , , , , , , , , , , , , , 
0x7fcae7efbd98, 1, 0, 1, , , , , , , , , , , , , , , , , , , , 
0x7fcae7efbdad, 1, 1, 0, , , , , , , , , , , , , , , , , , , , 
0x7fcad4260d89, 1, 1, 0, , , , , , , , , , , , , , , , , , , , 
0x7fcad4260c6e, 1, , , , , , , , , , , , , , , , , , , , , , 
0x7fcae7efbda0, 1, 1, 0, , , , , , , , , , , , , , , , , , , , 
0x7fcad4260c5a, 1, 0, 1, , , , , , , , , , , , , , , , , , , , 
0x7fcad4260c2e, 1, 1, 0, , , , , , , , , , , , , , , , , , , , 
0x7fcae7efbf80, 1, 0, 1, , , , , , , , , , , , , , , , , , , , 
0x7fcae7efbf95, 1, , , , , , , , , , , , , , , , , , , , , , 
0x7fcae7efbdc2, 1, 1, 0, , , , , , , , , , , , , , , , , , , , 
0x7fcad4260c13, 1, 0, 1, , , , , , , , , , , , , , , , , , , , 
0x7fcae7f08236, 1, 0, 1, , , , , , , , , , , , , , , , , , , , 
0x7fcae7efbdf5, 1, , , , , , , , , , , , , , , , , , , , , , 
0x7fcae7ef508a, 1, , , , , , , , , , , , , , , , , , , , , , 
0x7fcae7ef509b, 1, 0, 1, , , , , , , , , , , , , , , , , , , , 
0x7fcae7ef50ab, 1, , , , , , , , , , , , , , , , , , , , , , 
0x7fcae7ef50e9, 1, 0, 1, , , , , , , , , , , , , , , , , , , , 
0x7fcae7ef50f8, 1, 0, 1, , , , , , , , , , , , , , , , , , , , 
0x7fcae7ef515b, 1, , , , , , , , , , , , , , , , , , , , , , 
0x7fcad4260c00, 1, 0, 1, , , , , , , , , , , , , , , , , , , , 
0x7fcae7eed070, 1, 1, 0, , , , , , , , , , , , , , , , , , , , 
0x7fcae7f08231, 1, 1, 0, , , , , , , , , , , , , , , , , , , , 
0x7fcae7f08217, 1, , , , , , , , , , , , , , , , , , , , , , 
0x7fcae7f081ff, 1, 0, 1, , , , , , , , , , , , , , , , , , , , 
0x7fcae7f081e0, 1, 0, 1, , , , , , , , , , , , , , , , , , , , 
0x7fcae7eeecb4, 1, , , , , , , , , , , , , , , , , , , , , , 
0x7fcae7ef51d0, 1, 0, 1, , , , , , , , , , , , , , , , , , , , 
0x7fcae7ef51f5, 1, 0, 1, , , , , , , , , , , , , , , , , , , , 
0x7fcae7ef5207, 1, 1, 0, , , , , , , , , , , , , , , , , , , , 
0x7fcae7ef5279, 1, 1, 0, , , , , , , , , , , , , , , , , , , , 
0x7fcae7eed090, 1, 1, 0, , , , , , , , , , , , , , , , , , , , 
0x7fcae7ef5302, 1, , , , , , , , , , , , , , , , , , , , , , 
0x7fcae7ef5251, 1, 1, 0, , , , , , , , , , , , , , , , , , , , 
0x7fcae7eed210, 1, 0, 1, , , , , , , , , , , , , , , , , , , , 
0x7fcad4260b94, 1, 1, 0, , , , , , , , , , , , , , , , , , , , 
0x7fcae7ef525f, 1, , , , , , , , , , , , , , , , , , , , , , 
0x7fcae7eeee6e, 1, , , , , , , , , , , , , , , , , , , , , , 
0x7fcae7eeecab, 1, 0, 1, , , , , , , , , , , , , , , , , , , , 
0x7fcad4260ae1, 1, , , , , , , , , , , , , , , , , , , , , , 
0x7fcad4260aac, 1, 0, 1, , , , , , , , , , , , , , , , , , , , 
0x7fcae7eeeca0, 1, 0, 1, , , , , , , , , , , , , , , , , , , , 
0x7fcae7efd25e, 1, 1, 0, , , , , , , , , , , , , , , , , , , , 
0x7fcad4260a9c, 1, 0, 1, , , , , , , , , , , , , , , , , , , , 
0x7fcae7efd21f, 1, , , , , , , , , , , , , , , , , , , , , , 
0x7fcae7eeee7c, 1, 1, 0, , , , , , , , , , , , , , , , , , , , 
0x7fcad4260a8a, 1, 0, 1, , , , , , , , , , , , , , , , , , , , 
0x7fcad4260c80, 1, , , , , , , , , , , , , , , , , , , , , , 
0x7fcae7eef1fe, 1, , , , , , , , , , , , , , , , , , , , , , 
0x7fcae7eeee98, 1, 1, 0, , , , , , , , , , , , , , , , , , , , 
0x7fcad4260a30, 1, 1, 0, , , , , , , , , , , , , , , , , , , , 
0x7fcad4260d60, 1, , , , , , , , , , , , , , , , , , , , , , 
0x7fcae7eef1c7, 1, , , , , , , , , , , , , , , , , , , , , , 
0x7fcae7eeeeda, 1, 0, 1, , , , , , , , , , , , , , , , , , , , 
0x7fcae7eeeee8, 1, 0, 1, , , , , , , , , , , , , , , , , , , , 
0x7fcae7eeeef6, 1, , , , , , , , , , , , , , , , , , , , , , 
0x7fcae7eeef42, 1, 1, 0, , , , , , , , , , , , , , , , , , , , 
0x7fcad421499d, 1, , , 0x7fcad4260d60, 1, , , , , , , , , , , , , , , , , , 
0x7fcad421498a, 1, 0, 1, , , , , , , , , , , , , , , , , , , , 
0x7fcae7eeef2b, 1, 1, 0, , , , , , , , , , , , , , , , , , , , 
0x7fcad421497f, 1, 0, 1, , , , , , , , , , , , , , , , , , , , 
0x7fcad4214968, 1, 0, 1, , , , , , , , , , , , , , , , , , , , 
0x7fcae7eef192, 1, 1, 0, , , , , , , , , , , , , , , , , , , , 
0x7fcad4214801, 1, , , , , , , , , , , , , , , , , , , , , , 
0x7fcae7eeef55, 1, 0, 1, , , , , , , , , , , , , , , , , , , , 
0x7fcae7eeef6a, 1, 0, 1, , , , , , , , , , , , , , , , , , , , 
0x7fcae7eeef84, 1, , , , , , , , , , , , , , , , , , , , , , 
0x7fcae7eff460, 1, 0, 1, , , , , , , , , , , , , , , , , , , , 
0x7fcae7eff46d, 1, , , , , , , , , , , , , , , , , , , , , , 
0x7fcae7eeef89, 1, 0, 1, , , , , , , , , , , , , , , , , , , , 
0x7fcae7eeef9c, 1, 1, 0, , , , , , , , , , , , , , , , , , , , 
0x7fcad42147f5, 1, 0, 1, , , , , , , , , , , , , , , , , , , , 
0x7fcae7eeefbe, 1, , , , , , , , , , , , , , , , , , , , , , 
0x7fcae7efd1e0, 1, , , , , , , , , , , , , , , , , , , , , , 
0x7fcae7eeefd1, 1, 0, 1, , , , , , , , , , , , , , , , , , , , 
0x7fcae7eeefe0, 1, 0, 1, , , , , , , , , , , , , , , , , , , , 
0x7fcae7eeeff1, 1, 0, 1, , , , , , , , , , , , , , , , , , , , 
0x7fcae7eef002, 1, 0, 1, , , , , , , , , , , , , , , , , , , , 
0x7fcae7eef010, 1, , , , , , , , , , , , , , , , , , , , , , 
0x7fcae7f09df0, 1, , , , , , , , , , , , , , , , , , , , , , 
0x7fcae7f09dfb, 1, 1, 0, , , , , , , , , , , , , , , , , , , , 
0x7fcad42147e0, 1, 0, 1, , , , , , , , , , , , , , , , , , , , 
0x7fcae7f09e08, 1, , , , , , , , , , , , , , , , , , , , , , 
0x7fcae7eef021, 1, 0, 1, , , , , , , , , , , , , , , , , , , , 
0x7fcae7eef029, 1, 0, 1, , , , , , , , , , , , , , , , , , , , 
0x7fcae7eef03c, 1, , , , , , , , , , , , , , , , , , , , , , 
0x7fcae7efa520, 1, 1, 0, , , , , , , , , , , , , , , , , , , , 
0x7fcad421495f, 1, , , , , , , , , , , , , , , , , , , , , , 
0x7fcad4214953, 1, 0, 1, , , , , , , , , , , , , , , , , , , , 
0x7fcae7efa590, 1, 1, 0, , , , , , , , , , , , , , , , , , , , 
0x7fcad4214940, 1, 1, 0, , , , , , , , , , , , , , , , , , , , 
0x7fcad421483c, 1, 1, 0, , , , , , , , , , , , , , , , , , , , 
0x7fcae7efb0e8, 1, , , , , , , , , , , , , , , , , , , , , , 
0x7fcae7efa5a1, 1, 1, 0, , , , , , , , , , , , , , , , , , , , 
0x7fcad421482f, 1, 0, 1, , , , , , , , , , , , , , , , , , , , 
0x7fcad421481a, 1, 0, 1, , , , , , , , , , , , , , , , , , , , 
0x7fcae7efb162, 1, , , , , , , , , , , , , , , , , , , , , , 
0x7fcae7efa665, 1, 1, 0, , , , , , , , , , , , , , , , , , , , 
0x7fcad42148a7, 1, , , , , , , , , , , , , , , , , , , , , , 
0x7fcae7efd072, 1, , , , , , , , , , , , , , , , , , , , , , 
0x7fcae7eeec8e, 1, 0, 1, , , , , , , , , , , , , , , , , , , , 
0x7fcae7efd065, 1, 0, 1, , , , , , , , , , , , , , , , , , , , 
0x7fcae7f0af70, 1, 1, 0, , , , , , , , , , , , , , , , , , , , 
0x7fcae7f0af62, 1, 0, 1, , , , , , , , , , , , , , , , , , , , 
0x7fcae7efa6e7, 1, 0, 1, , , , , , , , , , , , , , , , , , , , 
0x7fcae7efa6f5, 1, 0, 1, , , , , , , , , , , , , , , , , , , , 
0x7fcae7f0af2a, 1, 0, 1, , , , , , , , , , , , , , , , , , , , 
0x7fcae7f0aef0, 1, 0, 1, , , , , , , , , , , , , , , , , , , , 
0x7fcae7f0aec0, 1, 0, 1, , , , , , , , , , , , , , , , , , , , 
0x7fcae7ef1a64, 1, 0, 1, , , , , , , , , , , , , , , , , , , , 
0x7fcae7ef710a, 1, 1, 0, , , , , , , , , , , , , , , , , , , , 
0x7fcae7ef70d0, 1, 0, 1, , , , , , , , , , , , , , , , , , , , 
0x7fcae7eeec18, 1, , , 0x7fcae7ef70d0, 1, , , , , , , , , , , , , , , , , , 
0x7fcae7ef47b9, 1, 0, 1, , , , , , , , , , , , , , , , , , , , 
0x7fcae7ef47be, 1, , , , , , , , , , , , , , , , , , , , , , 
0x7fcae7eeebfa, 1, 0, 1, , , , , , , , , , , , , , , , , , , , 
0x7fcae7efd057, 1, 0, 1, , , , , , , , , , , , , , , , , , , , 
0x7fcae7efd050, 1, 0, 1, , , , , , , , , , , , , , , , , , , , 
0x7fcae7eeebf1, 1, 0, 1, , , , , , , , , , , , , , , , , , , , 
0x7fcae7eeebe6, 1, 0, 1, , , , , , , , , , , , , , , , , , , , 
0x7fcae7eeebd3, 1, 0, 1, , , , , , , , , , , , , , , , , , , , 
0x7fcae7f0af2a, 1, 1, 0, , , , , , , , , , , , , , , , , , , , 
0x7fcae7f0aef0, 1, 0, 1, , , , , , , , , , , , , , , , , , , , 
0x7fcae7f0aec0, 1, 0, 1, , , , , , , , , , , , , , , , , , , , 
0x7fcae7efcdb5, 1, 1, 0, , , , , , , , , , , , , , , , , , , , 
0x7fcae7ef710a, 1, 1, 0, , , , , , , , , , , , , , , , , , , , 
0x7fcae7ef70d0, 1, 0, 1, , , , , , , , , , , , , , , , , , , , 
0x7fcae7eeeb5d, 1, , , 0x7fcae7ef70d0, 1, , , , , , , , , , , , , , , , , , 
0x7fcae7eeeb3f, 1, 0, 1, , , , , , , , , , , , , , , , , , , , 
0x7fcae7eeeb36, 1, 0, 1, , , , , , , , , , , , , , , , , , , , 
0x7fcae7eeeb2b, 1, 0, 1, , , , , , , , , , , , , , , , , , , , 
0x7fcae7eeeb17, 1, 0, 1, , , , , , , , , , , , , , , , , , , , 
0x7fcae7efcfb8, 1, , , , , , , , , , , , , , , , , , , , , , 
0x7fcae7ef710a, 1, 1, 0, , , , , , , , , , , , , , , , , , , , 
0x7fcae7ef70d0, 1, 0, 1, , , , , , , , , , , , , , , , , , , , 
0x7fcae7eed220, 1, , , , , , , , , , , , , , , , , , , , , , 
0x7fcae7eeeaa1, 1, , , 0x7fcae7ef70d0, 1, , , , , , , , , , , , , , , , , , 
0x7fcae7eeea83, 1, 0, 1, , , , , , , , , , , , , , , , , , , , 
0x7fcae7eeea7a, 1, 0, 1, , , , , , , , , , , , , , , , , , , , 
0x7fcae7eeea6f, 1, 0, 1, , , , , , , , , , , , , , , , , , , , 
0x7fcae7eeea5b, 1, 0, 1, , , , , , , , , , , , , , , , , , , , 
0x7fcae7eecea9, 1, 1, 0, , , , , , , , , , , , , , , , , , , , 
0x7fcae7f0a6c7, 1, 1, 0, , , , , , , , , , , , , , , , , , , , 
0x7fcae7efcfa2, 1, 1, 0, , , , , , , , , , , , , , , , , , , , 
0x7fcae7ef710a, 1, 1, 0, , , , , , , , , , , , , , , , , , , , 
0x7fcae7ef70d0, 1, 0, 1, , , , , , , , , , , , , , , , , , , , 
0x7fcae7eee9e5, 1, , , 0x7fcae7ef70d0, 1, , , , , , , , , , , , , , , , , , 
0x7fcae7eee9c7, 1, 0, 1, , , , , , , , , , , , , , , , , , , , 
0x7fcae7eee9be, 1, 0, 1, , , , , , , , , , , , , , , , , , , , 
0x7fcae7ef5517, 1, 1, 0, , , , , , , , , , , , , , , , , , , , 
0x7fcae7eeceb6, 1, 0, 1, , , , , , , , , , , , , , , , , , , , 
0x7fcae7f0b000, 1, 1, 0, , , , , , , , , , , , , , , , , , , , 
0x7fcae7eecebf, 1, 0, 1, , , , , , , , , , , , , , , , , , , , 
0x7fcae7efcfa2, 1, 1, 0, , , , , , , , , , , , , , , , , , , , 
0x7fcae7ef5517, 1, 1, 0, , , , , , , , , , , , , , , , , , , , 
0x7fcae7efcf94, 1, 0, 1, , , , , , , , , , , , , , , , , , , , 
0x7fcae7ef5548, 1, 0, 1, , , , , , , , , , , , , , , , , , , , 
0x7fcae7ef5562, 1, 0, 1, , , , , , , , , , , , , , , , , , , , 
0x7fcae7ef557b, 1, , , , , , , , , , , , , , , , , , , , , , 
0x7fcae7ef558d, 1, 1, 0, , , , , , , , , , , , , , , , , , , , 
0x7fcae7efcf8d, 1, 0, 1, , , , , , , , , , , , , , , , , , , , 
0x562a3c3b7228, 1, , , , , , , , , , , , , , , , , , , , , , 
0x7fcae7ef5732, 1, , , , , , , , , , , , , , , , , , , , , , 
0x7fcae7ef573a, 1, 0, 1, , , , , , , , , , , , , , , , , , , , 
0x7fcae7ef5750, 1, 0, 1, , , , , , , , , , , , , , , , , , , , 
0x7fcae7ef5759, 1, 1, 0, , , , , , , , , , , , , , , , , , , , 
0x7fcae7ef5841, 1, , , , , , , , , , , , , , , , , , , , , , 
0x7fcae7ef58c2, 1, 1, 0, , , , , , , , , , , , , , , , , , , , 
0x7fcae7efcf84, 1, , , 0x562a3c3b7228, 1, , , , , , , , , , , , , , , , , , 
0x7fcae7efcf78, 1, 0, 1, , , , , , , , , , , , , , , , , , , , 
0x7fcae7ef58b1, 1, 1, 0, , , , , , , , , , , , , , , , , , , , 
0x7fcae7efcf6b, 1, 0, 1, , , , , , , , , , , , , , , , , , , , 
0x562a3c3b710c, 1, , , , , , , , , , , , , , , , , , , , , , 
0x7fcae7ef5bac, 1, 0, 1, , , , , , , , , , , , , , , , , , , , 
0x7fcae7ef5bc1, 1, 0, 1, , , , , , , , , , , , , , , , , , , , 
0x7fcae7ef5bcb, 1, 0, 1, , , , , , , , , , , , , , , , , , , , 
0x7fcae7ef5bdd, 1, 1, 0, , , , , , , , , , , , , , , , , , , , 
0x562a3c3b7098, 1, , , , , , , , , , , , , , , , , , , , , , 
0x562a3c3b7070, 1, 1, 0, , , , , , , , , , , , , , , , , , , , 
0x7fcae7ef5c44, 1, 1, 0, , , , , , , , , , , , , , , , , , , , 
0x562a3c3b7107, 1, , , , , , , , , , , , , , , , , , , , , , 
0x7fcad421508b, 1, , , , , , , , , , , , , , , , , , , , , , 
0x7fcae7ef5954, 1, 1, 0, , , , , , , , , , , , , , , , , , , , 
0x7fcad421507b, 1, 0, 1, , , , , , , , , , , , , , , , , , , , 
0x7fcad42629f7, 1, , , , , , , , , , , , , , , , , , , , , , 
0x7fcae7ef57b3, 1, 1, 0, , , , , , , , , , , , , , , , , , , , 
0x7fcad42629eb, 1, 0, 1, , , , , , , , , , , , , , , , , , , , 
0x7fcad4262918, 1, 1, 0, , , , , , , , , , , , , , , , , , , , 
0x7fcae7ef595d, 1, 0, 1, , , , , , , , , , , , , , , , , , , , 
0x7fcae7ef5972, 1, 0, 1, , , , , , , , , , , , , , , , , , , , 
0x7fcae7ef5982, 1, , , , , , , , , , , , , , , , , , , , , , 
0x7fcae7f04680, 1, 0, 1, , , , , , , , , , , , , , , , , , , , 
0x7fcae7f046a5, 1, 1, 0, , , , , , , , , , , , , , , , , , , , 
0x7fcad4262900, 1, 0, 1, , , , , , , , , , , , , , , , , , , , 
0x7fcae7f04b50, 1, , , , , , , , , , , , , , , , , , , , , , 
0x7fcae7efd8f0, 1, , , , , , , , , , , , , , , , , , , , , , 
0x7fcae7eee9b3, 1, 0, 1, , , , , , , , , , , , , , , , , , , , 
0x7fcae7eee9a1, 1, 0, 1, , , , , , , , , , , , , , , , , , , , 
0x7fcad4215073, 1, , , , , , , , , , , , , , , , , , , , , , 
0x7fcad421506e, 1, 0, 1, , , , , , , , , , , , , , , , , , , , 
0x7fcad4215066, 1, 0, 1, , , , , , , , , , , , , , , , , , , , 
0x7fcae7efd91a, 1, 1, 0, , , , , , , , , , , , , , , , , , , , 
0x7fcad4215028, 1, 1, 0, , , , , , , , , , , , , , , , , , , , 
0x7fcae7efd930, 1, , , , , , , , , , , , , , , , , , , , , , 
0x7fcae7f0acf0, 1, 1, 0, , , , , , , , , , , , , , , , , , , , 
0x7fcae7f0ace2, 1, 0, 1, , , , , , , , , , , , , , , , , , , , 
0x7fcad421501c, 1, 0, 1, , , , , , , , , , , , , , , , , , , , 
0x7fcad4215010, 1, 0, 1, , , , , , , , , , , , , , , , , , , , 
0x7fcae7efd941, 1, 0, 1, , , , , , , , , , , , , , , , , , , , 
0x7fcae7efd945, 1, 1, 0, , , , , , , , , , , , , , , , , , , , 
0x7fcad4214f76, 1, , , , , , , , , , , , , , , , , , , , , , 
0x7fcae7efd968, 1, , , , , , , , , , , , , , , , , , , , , , 
0x7fcad4214f60, 1, 0, 1, , , , , , , , , , , , , , , , , , , , 
0x7fcae7ef710a, 1, 1, 0, , , , , , , , , , , , , , , , , , , , 
0x7fcae7ef70d0, 1, 0, 1, , , , , , , , , , , , , , , , , , , , 
0x7fcae7eee91a, 1, , , 0x7fcae7ef70d0, 1, , , , , , , , , , , , , , , , , , 
0x7fcad4214f3c, 1, 0, 1, , , , , , , , , , , , , , , , , , , , 
0x7fcad4214f10, 1, 0, 1, , , , , , , , , , , , , , , , , , , , 
0x7fcae7eee527, 1, , , , , , , , , , , , , , , , , , , , , , 
0x7fcae7eee51d, 1, 0, 1, , , , , , , , , , , , , , , , , , , , 
0x7fcae7eee512, 1, 0, 1, , , , , , , , , , , , , , , , , , , , 
0x7fcae7efd97d, 1, , , , , , , , , , , , , , , , , , , , , , 
0x7fcae7efd959, 1, , , , , , , , , , , , , , , , , , , , , , 
0x7fcae7eee4fd, 1, , , , , , , , , , , , , , , , , , , , , , 
0x7fcae7eee4f2, 1, , , , , , , , , , , , , , , , , , , , , , 
0x7fcae7eee4e6, 1, 0, 1, , , , , , , , , , , , , , , , , , , , 
0x7fcae7efd960, 1, , , , , , , , , , , , , , , , , , , , , , 
0x7fcae7efd91e, 1, , , , , , , , , , , , , , , , , , , , , , 
0x7fcae7f04b68, 1, 0, 1, , , , , , , , , , , , , , , , , , , , 
0x7fcae7f04b75, 1, 0, 1, , , , , , , , , , , , , , , , , , , , 
0x7fcae7f04b82, 1, 0, 1, , , , , , , , , , , , , , , , , , , , 
0x7fcae7f04ba2, 1, 0, 1, , , , , , , , , , , , , , , , , , , , 
0x7fcae7f04bac, 1, 0, 1, , , , , , , , , , , , , , , , , , , , 
0x7fcae7f04bb9, 1, 1, 0, , , , , , , , , , , , , , , , , , , , 
0x7fcae7f04ec8, 1, , , , , , , , , , , , , , , , , , , , , , 
0x7fcae7f046c6, 1, 0, 1, , , , , , , , , , , , , , , , , , , , 
0x7fcae7f046df, 1, 0, 1, , , , , , , , , , , , , , , , , , , , 
0x7fcae7f046f2, 1, , , , , , , , , , , , , , , , , , , , , , 
0x7fcae7eee4da, 1, , , , , , , , , , , , , , , , , , , , , , 
0x7fcae7eee4c6, 1, , , , , , , , , , , , , , , , , , , , , , 
0x7fcae7eee492, 1, 0, 1, , , , , , , , , , , , , , , , , , , , 
0x7fcae7f04701, 1, 0, 1, , , , , , , , , , , , , , , , , , , , 
0x7fcae7f04713, 1, , , , , , , , , , , , , , , , , , , , , , 
0x7fcae7eee48a, 1, , , , , , , , , , , , , , , , , , , , , , 
0x562a3c3b7030, 1, , , 0x7fcad4214f10, 1, , , , , , , , , , , , , , , , , , 
0x562a3c3b70fb, 1, , , , , , , , , , , , , , , , , , , , , , 
0x7fcae7f04722, 1, , , , , , , , , , , , , , , , , , , , , , 
0x7fcae7f0474d, 1, 0, 1, , , , , , , , , , , , , , , , , , , , 
0x7fcae7f0477a, 1, 0, 1, , , , , , , , , , , , , , , , , , , , 
0x7fcae7f047a4, 1, , , , , , , , , , , , , , , , , , , , , , 
0x562a3c3b70ed, 1, 0, 1, , , , , , , , , , , , , , , , , , , , 
0x7fcae7eee475, 1, 1, 0, , , , , , , , , , , , , , , , , , , , 
0x562a3c3b70e0, 1, 0, 1, , , , , , , , , , , , , , , , , , , , 
0x7fcae7eee43e, 1, 1, 0, , , , , , , , , , , , , , , , , , , , 
0x7fcae7eee435, 1, 0, 1, , , , , , , , , , , , , , , , , , , , 
0x7fcae7efcf63, 1, , , 0x562a3c3b70e0, 1, , , , , , , , , , , , , , , , , , 
0x7fcae7eee422, 1, 1, 0, , , , , , , , , , , , , , , , , , , , 
0x7fcae7eee412, 1, 0, 1, , , , , , , , , , , , , , , , , , , , 
0x7fcae7eee406, 1, 0, 1, , , , , , , , , , , , , , , , , , , , 
0x7fcae7efcf3b, 1, 0, 1, , , , , , , , , , , , , , , , , , , , 
0x7fcae7efcf2e, 1, 0, 1, , , , , , , , , , , , , , , , , , , , 
0x7fcae7efcf14, 1, 0, 1, , , , , , , , , , , , , , , , , , , , 
0x7fcae7eee3ed, 1, 1, 0, , , , , , , , , , , , , , , , , , , , 
0x7fcae7eee3b7, 1, 1, 0, , , , , , , , , , , , , , , , , , , , 
0x7fcae7eee386, 1, 0, 1, , , , , , , , , , , , , , , , , , , , 
0x7fcae7eee37a, 1, 0, 1, , , , , , , , , , , , , , , , , , , , 
0x7fcae7efcef0, 1, 0, 1, , , , , , , , , , , , , , , , , , , , 
0x7fcae7efcee7, 1, 0, 1, , , , , , , , , , , , , , , , , , , , 
0x7fcae7eec160, 1, , , , , , , , , , , , , , , , , , , , , , 
0x7fcae7f045f0, 1, 0, 1, , , , , , , , , , , , , , , , , , , , 
0x7fcae7f045f5, 1, 1, 0, , , , , , , , , , , , , , , , , , , , 
0x7fcae7efceda, 1, , , 0x7fcae7eec160, 1, , , , , , , , , , , , , , , , , , 
0x7fcae7f0462e, 1, 1, 0, , , , , , , , , , , , , , , , , , , , 
0x7fcae7f044cf, 1, , , , , , , , , , , , , , , , , , , , , , 
0x7fcae7eececb, 1, 0, 1, , , , , , , , , , , , , , , , , , , , 
0x7fcae7f0465a, 1, 1, 0, , , , , , , , , , , , , , , , , , , , 
0x7fcae7eecedb, 1, 0, 1, , , , , , , , , , , , , , , , , , , , 
0x7fcae7f045aa, 1, 1, 0, , , , , , , , , , , , , , , , , , , , 
0x7fcae7f043a2, 1, 1, 0, , , , , , , , , , , , , , , , , , , , 
0x7fcae7eeceeb, 1, 0, 1, , , , , , , , , , , , , , , , , , , , 
0x7fcae7f045e0, 1, , , , , , , , , , , , , , , , , , , , , , 
0x7fcae7f047b0, 1, 1, 0, , , , , , , , , , , , , , , , , , , , 
0x7fcae7eecefb, 1, 0, 1, , , , , , , , , , , , , , , , , , , , 
0x7fcae7eecf0b, 1, 0, 1, , , , , , , , , , , , , , , , , , , , 
0x7fcae7f047e0, 1, , , , , , , , , , , , , , , , , , , , , , 
0x7fcae7f0481a, 1, 1, 0, , , , , , , , , , , , , , , , , , , , 
0x7fcae7eecf1b, 1, 0, 1, , , , , , , , , , , , , , , , , , , , 
0x7fcae7eecf2b, 1, 0, 1, , , , , , , , , , , , , , , , , , , , 
0x7fcae7f047f0, 1, 0, 1, , , , , , , , , , , , , , , , , , , , 
0x7fcae7f047ff, 1, , , , , , , , , , , , , , , , , , , , , , 
0x7fcae7f0480b, 1, 1, 0, , , , , , , , , , , , , , , , , , , , 
0x7fcae7eecf3b, 1, 0, 1, , , , , , , , , , , , , , , , , , , , 
0x7fcae7eecf4b, 1, 0, 1, , , , , , , , , , , , , , , , , , , , 
0x7fcae7f0481f, 1, 1, 0, , , , , , , , , , , , , , , , , , , , 
0x7fcae7eecf56, 1, 0, 1, , , , , , , , , , , , , , , , , , , , 
0x7fcae7eecf62, 1, 0, 1, , , , , , , , , , , , , , , , , , , , 
0x7fcae7f04ce0, 1, 1, 0, , , , , , , , , , , , , , , , , , , , 
0x7fcae7efcece, 1, , , , , , , , , , , , , , , , , , , , , , 
0x7fcae7f049a1, 1, 1, 0, , , , , , , , , , , , , , , , , , , , 
0x7fcae7efd030, 1, , , , , , , , , , , , , , , , , , , , , , 
0x7fcae7efcea6, 1, 1, 0, , , , , , , , , , , , , , , , , , , , 
0x7fcae7f049c7, 1, 0, 1, , , , , , , , , , , , , , , , , , , , 
0x7fcae7f049d0, 1, 0, 1, , , , , , , , , , , , , , , , , , , , 
0x7fcae7f049d9, 1, 0, 1, , , , , , , , , , , , , , , , , , , , 
0x7fcae7f049e3, 1, 0, 1, , , , , , , , , , , , , , , , , , , , 
0x7fcae7f049ec, 1, 1, 0, , , , , , , , , , , , , , , , , , , , 
0x7fcae7efce9e, 1, 0, 1, , , , , , , , , , , , , , , , , , , , 
0x7fcae7f04a01, 1, 0, 1, , , , , , , , , , , , , , , , , , , , 
0x7fcae7f04a1d, 1, 0, 1, , , , , , , , , , , , , , , , , , , , 
0x7fcae7f04a26, 1, , , , , , , , , , , , , , , , , , , , , , 
0x7fcae7eee346, 1, 1, 0, , , , , , , , , , , , , , , , , , , , 
0x7fcae7eee2ea, 1, 1, 0, , , , , , , , , , , , , , , , , , , , 
0x7fcae7f04a31, 1, 1, 0, , , , , , , , , , , , , , , , , , , , 
0x7fcae7efce93, 1, 0, 1, , , , , , , , , , , , , , , , , , , , 
0x7fcae7eecf74, 1, 1, 0, , , , , , , , , , , , , , , , , , , , 
0x7fcae7f04a63, 1, 1, 0, , , , , , , , , , , , , , , , , , , , 
0x7fcae7eecf8e, 1, 1, 0, , , , , , , , , , , , , , , , , , , , 
0x7fcae7f04b40, 1, , , , , , , , , , , , , , , , , , , , , , 
0x7fcae7f04a75, 1, , , , , , , , , , , , , , , , , , , , , , 
0x7fcae7f04a8a, 1, , , , , , , , , , , , , , , , , , , , , , 
0x7fcae7f0a5c0, 1, , , , , , , , , , , , , , , , , , , , , , 
0x7fcae7f0a5d3, 1, , , , , , , , , , , , , , , , , , , , , , 
0x7fcae7f0a5df, 1, 0, 1, , , , , , , , , , , , , , , , , , , , 
0x7fcae7f0a5e4, 1, , , , , , , , , , , , , , , , , , , , , , 
0x7fcae7f04a92, 1, , , , , , , , , , , , , , , , , , , , , , 
0x7fcae7ef598a, 1, 0, 1, , , , , , , , , , , , , , , , , , , , 
0x7fcae7ef5996, 1, 0, 1, , , , , , , , , , , , , , , , , , , , 
0x7fcae7ef599f, 1, 0, 1, , , , , , , , , , , , , , , , , , , , 
0x7fcae7ef59ae, 1, , , , , , , , , , , , , , , , , , , , , , 
0x7fcae7ef3380, 1, 1, 0, , , , , , , , , , , , , , , , , , , , 
0x7fcae7efce44, 1, , , , , , , , , , , , , , , , , , , , , , 
0x7fcae7efce36, 1, 0, 1, , , , , , , , , , , , , , , , , , , , 
0x7fcae7ef33ac, 1, , , , , , , , , , , , , , , , , , , , , , 
0x7fcae7ef33bb, 1, 0, 1, , , , , , , , , , , , , , , , , , , , 
0x7fcae7ef33c7, 1, , , , , , , , , , , , , , , , , , , , , , 
0x7fcae7f0a020, 1, , , , , , , , , , , , , , , , , , , , , , 
0x7fcae7f0a028, 1, 0, 1, , , , , , , , , , , , , , , , , , , , 
0x7fcae7f0a030, 1, , , , , , , , , , , , , , , , , , , , , , 
0x7fcae7ef33fa, 1, 0, 1, , , , , , , , , , , , , , , , , , , , 
0x7fcae7ef3403, 1, 0, 1, , , , , , , , , , , , , , , , , , , , 
0x7fcae7ef3412, 1, 0, 1, , , , , , , , , , , , , , , , , , , , 
0x7fcae7ef341c, 1, 1, 0, , , , , , , , , , , , , , , , , , , , 
0x7fcae7efcdf3, 1, 1, 0, , , , , , , , , , , , , , , , , , , , 
0x7fcae7efcdde, 1, 0, 1, , , , , , , , , , , , , , , , , , , , 
0x7fcae7ef37a0, 1, 1, 0, , , , , , , , , , , , , , , , , , , , 
0x7fcae7efcdd7, 1, 0, 1, , , , , , , , , , , , , , , , , , , , 
0x7fcae7ef3430, 1, 0, 1, , , , , , , , , , , , , , , , , , , , 
0x7fcae7ef343d, 1, 1, 0, , , , , , , , , , , , , , , , , , , , 
0x7fcae7eec150, 1, , , , , , , , , , , , , , , , , , , , , , 
0x7fcae7ef3500, 1, 0, 1, , , , , , , , , , , , , , , , , , , , 
0x7fcae7ef3512, 1, 0, 1, , , , , , , , , , , , , , , , , , , , 
0x7fcae7ef3523, 1, 0, 1, , , , , , , , , , , , , , , , , , , , 
0x7fcae7ef3530, 1, 0, 1, , , , , , , , , , , , , , , , , , , , 
0x7fcae7ef353c, 1, 0, 1, , , , , , , , , , , , , , , , , , , , 
0x7fcae7ef354e, 1, 0, 1, , , , , , , , , , , , , , , , , , , , 
0x7fcae7ef355a, 1, 1, 0, , , , , , , , , , , , , , , , , , , , 
0x7fcae7efcdca, 1, , , 0x7fcae7eec150, 1, , , , , , , , , , , , , , , , , , 
0x7fcae7efcd86, 1, , , , , , , , , , , , , , , , , , , , , , 
0x7fcae7ef3860, 1, 1, 0, , , , , , , , , , , , , , , , , , , , 
0x7fcae7efcd60, 1, 0, 1, , , , , , , , , , , , , , , , , , , , 
0x7fcad4214886, 1, , , 0x7fcae7efcd60, 1, , , , , , , , , , , , , , , , , , 
0x7fcae7ef3894, 1, 0, 1, , , , , , , , , , , , , , , , , , , , 
0x7fcae7ef38a2, 1, , , , , , , , , , , , , , , , , , , , , , 
0x7fcae7eee2b3, 1, 0, 1, , , , , , , , , , , , , , , , , , , , 
0x7fcae7eee2aa, 1, 0, 1, , , , , , , , , , , , , , , , , , , , 
0x7fcae7eee228, 1, 1, 0, , , , , , , , , , , , , , , , , , , , 
0x7fcae7ef38c3, 1, 0, 1, , , , , , , , , , , , , , , , , , , , 
0x7fcae7ef38d0, 1, , , , , , , , , , , , , , , , , , , , , , 
0x7fcae7ef358a, 1, 0, 1, , , , , , , , , , , , , , , , , , , , 
0x7fcae7ef3596, 1, , , , , , , , , , , , , , , , , , , , , , 
0x7fcae7ef35bc, 1, 1, 0, , , , , , , , , , , , , , , , , , , , 
0x7fcad4214880, 1, 0, 1, , , , , , , , , , , , , , , , , , , , 
0x7fcad4214868, 1, 0, 1, , , , , , , , , , , , , , , , , , , , 
0x7fcae7eee21b, 1, 0, 1, , , , , , , , , , , , , , , , , , , , 
0x7fcae7eee212, 1, 0, 1, , , , , , , , , , , , , , , , , , , , 
0x7fcad4214849, 1, 0, 1, , , , , , , , , , , , , , , , , , , , 
0x7fcad421483c, 1, 0, 1, , , , , , , , , , , , , , , , , , , , 
0x7fcae7eeed5b, 1, , , , , , , , , , , , , , , , , , , , , , 
0x7fcae7eeed4b, 1, 0, 1, , , , , , , , , , , , , , , , , , , , 
0x7fcae7eeed3b, 1, 0, 1, , , , , , , , , , , , , , , , , , , , 
0x7fcad42147f5, 1, 1, 0, , , , , , , , , , , , , , , , , , , , 
0x7fcad42147d3, 1, 0, 1, , , , , , , , , , , , , , , , , , , , 
0x7fcad4214a0d, 1, , , , , , , , , , , , , , , , , , , , , , 
0x7fcae7eee8ce, 1, 1, 0, , , , , , , , , , , , , , , , , , , , 
0x7fcad42152dd, 1, , , , , , , , , , , , , , , , , , , , , , 
0x7fcae7eee1b5, 1, , , , , , , , , , , , , , , , , , , , , , 
0x7fcad4215280, 1, 1, 0, , , , , , , , , , , , , , , , , , , , 
0x7fcae7eee1a9, 1, 0, 1, , , , , , , , , , , , , , , , , , , , 
0x7fcae7ef383d, 1, , , , , , , , , , , , , , , , , , , , , , 
0x7fcae7ef3850, 1, , , , , , , , , , , , , , , , , , , , , , 
0x7fcae7ef3680, 1, 0, 1, , , , , , , , , , , , , , , , , , , , 
0x7fcae7ef369a, 1, 0, 1, , , , , , , , , , , , , , , , , , , , 
0x7fcae7ef36a3, 1, 0, 1, , , , , , , , , , , , , , , , , , , , 
0x7fcae7ef36af, 1, 1, 0, , , , , , , , , , , , , , , , , , , , 
0x7fcad4214a08, 1, , , , , , , , , , , , , , , , , , , , , , 
0x7fcad42147b0, 1, 1, 0, , , , , , , , , , , , , , , , , , , , 
0x7fcae7ef3800, 1, , , , , , , , , , , , , , , , , , , , , , 
0x7fcae7eec080, 1, , , 0x7fcae7f08600, 1, , , , , , , , , , , , , , , , , , 
0x7fcae7f08600, 1, 0, 1, , , , , , , , , , , , , , , , , , , , 
0x7fcae7f08610, 1, , , , , , , , , , , , , , , , , , , , , , 
0x7fcae7f078c6, 1, 0, 1, , , , , , , , , , , , , , , , , , , , 
0x7fcae7ef34e6, 1, , , , , , , , , , , , , , , , , , , , , , 
0x7fcae7ef59cd, 1, 0, 1, , , , , , , , , , , , , , , , , , , , 
0x7fcae7ef59dd, 1, , , , , , , , , , , , , , , , , , , , , , 
0x7fcae7ef5812, 1, 0, 1, , , , , , , , , , , , , , , , , , , , 
0x7fcae7ef581f, 1, 0, 1, , , , , , , , , , , , , , , , , , , , 
0x7fcae7ef5837, 1, , , , , , , , , , , , , , , , , , , , , , 
0x7fcae7ef55ea, 1, , , , , , , , , , , , , , , , , , , , , , 
0x7fcae7ef1dc0, 1, , , , , , , , , , , , , , , , , , , , , , 
0x7fcae7eee17b, 1, 0, 1, , , , , , , , , , , , , , , , , , , , 
0x7fcad4214a40, 1, , , , , , , , , , , , , , , , , , , , , , 
0x7fcae7eee156, 1, 1, 0, , , , , , , , , , , , , , , , , , , , 
0x7fcae7ef1e04, 1, 1, 0, , , , , , , , , , , , , , , , , , , , 
0x7fcad41f2083, 1, , , , , , , , , , , , , , , , , , , , , , 
0x562a3c3b719d, 1, , , , , , , , , , , , , , , , , , , , , , 
0x7fcae7ef2020, 1, , , , , , , , , , , , , , , , , , , , , , 
0x7fcae7ef2037, 1, 0, 1, , , , , , , , , , , , , , , , , , , , 
0x7fcae7ef203f, 1, 1, 0, , , , , , , , , , , , , , , , , , , , 
0x7fcae7eecfa8, 1, 0, 1, , , , , , , , , , , , , , , , , , , , 
0x7fcae7ef208e, 1, 0, 1, , , , , , , , , , , , , , , , , , , , 
0x7fcae7ef2099, 1, 1, 0, , , , , , , , , , , , , , , , , , , , 
0x7fcae7eecfb6, 1, 0, 1, , , , , , , , , , , , , , , , , , , , 
0x7fcae7eee14f, 1, 0, 1, , , , , , , , , , , , , , , , , , , , 
0x7fcae7eee142, 1, 0, 1, , , , , , , , , , , , , , , , , , , , 
0x7fcae7eee8c2, 1, , , , , , , , , , , , , , , , , , , , , , 
0x7fcae7ef2128, 1, 1, 0, , , , , , , , , , , , , , , , , , , , 
0x7fcae7eecfc4, 1, 1, 0, , , , , , , , , , , , , , , , , , , , 
0x7fcae7eed0b0, 1, 0, 1, , , , , , , , , , , , , , , , , , , , 
0x7fcae7ef1e35, 1, 0, 1, , , , , , , , , , , , , , , , , , , , 
0x7fcae7ef1e47, 1, 0, 1, , , , , , , , , , , , , , , , , , , , 
0x7fcae7ef1e54, 1, 0, 1, , , , , , , , , , , , , , , , , , , , 
0x7fcae7ef1e66, 1, 0, 1, , , , , , , , , , , , , , , , , , , , 
0x7fcae7ef1e6f, 1, , , , , , , , , , , , , , , , , , , , , , 
0x7fcae7f08500, 1, 1, 0, , , , , , , , , , , , , , , , , , , , 
0x7fcae7eed0b9, 1, 0, 1, , , , , , , , , , , , , , , , , , , , 
0x7fcae7eed0de, 1, 0, 1, , , , , , , , , , , , , , , , , , , , 
0x7fcae7f08520, 1, , , , , , , , , , , , , , , , , , , , , , 
0x7fcae7f08540, 1, 0, 1, , , , , , , , , , , , , , , , , , , , 
0x7fcae7f08549, 1, 0, 1, , , , , , , , , , , , , , , , , , , , 
0x7fcae7f08552, 1, , , , , , , , , , , , , , , , , , , , , , 
0x7fcae7f0e3cb, 1, , , , , , , , , , , , , , , , , , , , , , 
0x7fcae7ef82c9, 1, 0, 1, , , , , , , , , , , , , , , , , , , , 
0x7fcae7ef82ea, 1, 1, 0, , , , , , , , , , , , , , , , , , , , 
0x7fcae7eed0ef, 1, 0, 1, , , , , , , , , , , , , , , , , , , , 
0x7fcae7ef82f3, 1, 1, 0, , , , , , , , , , , , , , , , , , , , 
0x7fcae7eed125, 1, 0, 1, , , , , , , , , , , , , , , , , , , , 
0x562a3c3b7197, 1, 1, 0, , , , , , , , , , , , , , , , , , , , 
0x7fcae7ef83d0, 1, 1, 0, , , , , , , , , , , , , , , , , , , , 
0x562a3c3b715e, 1, , , , , , , , , , , , , , , , , , , , , , 
0x7fcad41f203f, 1, , , 0x562a3c3b715e, 1, , , , , , , , , , , , , , , , , , 
0x7fcae7ef8590, 1, , , , , , , , , , , , , , , , , , , , , , 
0x7fcae7ef8513, 1, 1, 0, , , , , , , , , , , , , , , , , , , , 
0x7fcad41f2037, 1, 0, 1, , , , , , , , , , , , , , , , , , , , 
0x7fcad4210c3c, 1, , , , , , , , , , , , , , , , , , , , , , 
0x7fcae7ef83e1, 1, 0, 1, , , , , , , , , , , , , , , , , , , , 
0x7fcae7ef83fd, 1, , , , , , , , , , , , , , , , , , , , , , 
0x7fcae7ef8409, 1, 0, 1, , , , , , , , , , , , , , , , , , , , 
0x7fcae7ef8423, 1, , , , , , , , , , , , , , , , , , , , , , 
0x7fcae7ef85b0, 1, , , , , , , , , , , , , , , , , , , , , , 
0x7fcae7ef85b8, 1, 0, 1, , , , , , , , , , , , , , , , , , , , 
0x7fcae7ef85c0, 1, , , , , , , , , , , , , , , , , , , , , , 
0x7fcae7ef84b6, 1, , , , , , , , , , , , , , , , , , , , , , 
0x7fcae7ef84c5, 1, 1, 0, , , , , , , , , , , , , , , , , , , , 
0x7fcad4210c30, 1, 0, 1, , , , , , , , , , , , , , , , , , , , 
0x7fcae7eee8b5, 1, 0, 1, , , , , , , , , , , , , , , , , , , , 
0x7fcae7ef84d4, 1, , , , , , , , , , , , , , , , , , , , , , 
0x7fcae7ef1e97, 1, 0, 1, , , , , , , , , , , , , , , , , , , , 
0x7fcae7ef1ea3, 1, 1, 0, , , , , , , , , , , , , , , , , , , , 
0x7fcad4210c1e, 1, , , , , , , , , , , , , , , , , , , , , , 
0x7fcae7ef20f0, 1, 1, 0, , , , , , , , , , , , , , , , , , , , 
0x7fcad4210bb0, 1, 1, 0, , , , , , , , , , , , , , , , , , , , 
0x7fcae7ef25bc, 1, 1, 0, , , , , , , , , , , , , , , , , , , , 
0x7fcad4210c80, 1, , , , , , , , , , , , , , , , , , , , , , 
0x7fcae7ef2c39, 1, , , , , , , , , , , , , , , , , , , , , , 
0x7fcae7ef25ce, 1, , , , , , , , , , , , , , , , , , , , , , 
0x7fcae7ef25e8, 1, 1, 0, , , , , , , , , , , , , , , , , , , , 
0x7fcad41f202d, 1, , , , , , , , , , , , , , , , , , , , , , 
0x7fcae7ef1ef3, 1, 1, 0, , , , , , , , , , , , , , , , , , , , 
0x7fcad41f2025, 1, 0, 1, , , , , , , , , , , , , , , , , , , , 
0x7fcad41f2010, 1, 0, 1, , , , , , , , , , , , , , , , , , , , 
0x7fcae7ef1f38, 1, 0, 1, , , , , , , , , , , , , , , , , , , , 
0x7fcae7ef1f46, 1, 0, 1, , , , , , , , , , , , , , , , , , , , 
0x7fcae7ef1f82, 1, 0, 1, , , , , , , , , , , , , , , , , , , , 
0x7fcae7ef1fbb, 1, 0, 1, , , , , , , , , , , , , , , , , , , , 
0x7fcae7ef1fc3, 1, 0, 1, , , , , , , , , , , , , , , , , , , , 
0x7fcae7ef1fcc, 1, , , 0x7fcae7ef2553, 1, , , , , , , , , , , , , , , , , , 
0x7fcae7ef2553, 1, , , , , , , , , , , , , , , , , , , , , , 
0x7fcae7eee8a4, 1, 0, 1, , , , , , , , , , , , , , , , , , , , 
0x7fcae7ef22a4, 1, 0, 1, , , , , , , , , , , , , , , , , , , , 
0x7fcae7ef22ad, 1, 0, 1, , , , , , , , , , , , , , , , , , , , 
0x7fcae7eee893, 1, 0, 1, , , , , , , , , , , , , , , , , , , , 
0x7fcae7eee888, 1, 0, 1, , , , , , , , , , , , , , , , , , , , 
0x562a3c3b7206, 1, , , , , , , , , , , , , , , , , , , , , , 
0x562a3c3b71fd, 1, 0, 1, , , , , , , , , , , , , , , , , , , , 
0x7fcae7ef2288, 1, 1, 0, , , , , , , , , , , , , , , , , , , , 
0x562a3c3b70d8, 1, , , , , , , , , , , , , , , , , , , , , , 
0x562a3c3b70a0, 1, 1, 0, , , , , , , , , , , , , , , , , , , , 
0x562a3c3b7120, 1, , , , , , , , , , , , , , , , , , , , , , 
0x7fcae7eee104, 1, 1, 0, , , , , , , , , , , , , , , , , , , , 
0x7fcae7eee0f8, 1, 0, 1, , , , , , , , , , , , , , , , , , , , 
0x7fcae7ef225f, 1, 1, 0, , , , , , , , , , , , , , , , , , , , 
0x562a3c3b71e7, 1, , , 0x562a3c3b7120, 1, , , , , , , , , , , , , , , , , , 
0x562a3c3b71e1, 1, 0, 1, , , , , , , , , , , , , , , , , , , , 
0x562a3c3b7016, 1, , , , , , , , , , , , , , , , , , , , , , 
0x562a3c3b7000, 1, 1, 0, , , , , , , , , , , , , , , , , , , , 
0x562a3c3b71b0, 1, , , , , , , , , , , , , , , , , , , , , , 
0x7fcae7ef2592, 1, 0, 1, , , , , , , , , , , , , , , , , , , , 
0x7fcae7ef259d, 1, , , , , , , , , , , , , , , , , , , , , , 
0x7fcae7ef83de, 1, 1, 0, , , , , , , , , , , , , , , , , , , , 
0x7fcae7ef85a0, 1, , , , , , , , , , , , , , , , , , , , , , 
0x7fcad41f1ffb, 1, , , 0x562a3c3b71b0, 1, , , , , , , , , , , , , , , , , , 
0x7fcad41f1ff6, 1, 0, 1, , , , , , , , , , , , , , , , , , , , 
0x7fcad41f1fe4, 1, 0, 1, , , , , , , , , , , , , , , , , , , , 
0x7fcad4214e67, 1, , , , , , , , , , , , , , , , , , , , , , 
0x7fcae7ef8522, 1, 1, 0, , , , , , , , , , , , , , , , , , , , 
0x7fcad4214e30, 1, 0, 1, , , , , , , , , , , , , , , , , , , , 
0x7fcad4214e27, 1, 0, 1, , , , , , , , , , , , , , , , , , , , 
0x7fcae7ef8510, 1, 0, 1, , , , , , , , , , , , , , , , , , , , 
0x7fcae7ef83b8, 1, 0, 1, , , , , , , , , , , , , , , , , , , , 
0x7fcae7eee0dc, 1, , , , , , , , , , , , , , , , , , , , , , 
0x7fcae7eee0ce, 1, 0, 1, , , , , , , , , , , , , , , , , , , , 
0x7fcae7ef1bc2, 1, 0, 1, , , , , , , , , , , , , , , , , , , , 
0x7fcae7ef1bcd, 1, 1, 0, , , , , , , , , , , , , , , , , , , , 
0x7fcad4214c12, 1, , , , , , , , , , , , , , , , , , , , , , 
0x7fcae7ef19e6, 1, , , , , , , , , , , , , , , , , , , , , , 
0x7fcae7ef1a24, 1, 0, 1, , , , , , , , , , , , , , , , , , , , 
0x7fcae7ef1a2b, 1, 0, 1, , , , , , , , , , , , , , , , , , , , 
0x7fcae7ef1a31, 1, 0, 1, , , , , , , , , , , , , , , , , , , , 
0x7fcae7ef1a3a, 1, 0, 1, , , , , , , , , , , , , , , , , , , , 
0x7fcae7ef1a4b, 1, 0, 1, , , , , , , , , , , , , , , , , , , , 
0x7fcad4214c50, 1, , , , , , , , , , , , , , , , , , , , , , 
0x7fcae7ef1a6e, 1, , , , , , , , , , , , , , , , , , , , , , 
0x7fcae7ef1ac2, 1, 1, 0, , , , , , , , , , , , , , , , , , , , 
0x7fcad4214bdb, 1, 1, 0, , , , , , , , , , , , , , , , , , , , 
0x7fcae7ef1a80, 1, 0, 1, , , , , , , , , , , , , , , , , , , , 
0x7fcae7ef1a94, 1, 1, 0, , , , , , , , , , , , , , , , , , , , 
0x7fcad4214bd6, 1, 0, 1, , , , , , , , , , , , , , , , , , , , 
0x7fcae7ef1c10, 1, 0, 1, , , , , , , , , , , , , , , , , , , , 
0x7fcae7ef1c1a, 1, , , , , , , , , , , , , , , , , , , , , , 
0x7fcae7ef1a03, 1, 1, 0, , , , , , , , , , , , , , , , , , , , 
0x7fcad4214ba6, 1, , , , , , , , , , , , , , , , , , , , , , 
0x7fcad4214b91, 1, 0, 1, , , , , , , , , , , , , , , , , , , , 
0x7fcae7ef1be0, 1, 0, 1, , , , , , , , , , , , , , , , , , , , 
0x7fcae7ef1bed, 1, 0, 1, , , , , , , , , , , , , , , , , , , , 
0x7fcae7ef1bfd, 1, , , , , , , , , , , , , , , , , , , , , , 
0x7fcae7ef1b25, 1, 1, 0, , , , , , , , , , , , , , , , , , , , 
0x7fcad4214b80, 1, 0, 1, , , , , , , , , , , , , , , , , , , , 
0x7fcae7eee0c1, 1, 0, 1, , , , , , , , , , , , , , , , , , , , 
0x7fcae7eee0b9, 1, , , , , , , , , , , , , , , , , , , , , , 
0x7fcad4214e12, 1, , , , , , , , , , , , , , , , , , , , , , 
0x7fcae7ef24a8, 1, 0, 1, , , , , , , , , , , , , , , , , , , , 
0x7fcae7ef24b5, 1, 1, 0, , , , , , , , , , , , , , , , , , , , 
0x7fcad4214dfc, 1, 0, 1, , , , , , , , , , , , , , , , , , , , 
0x7fcae7eee0a4, 1, 1, 0, , , , , , , , , , , , , , , , , , , , 
0x7fcae7eef1df, 1, , , , , , , , , , , , , , , , , , , , , , 
0x7fcae7ef2614, 1, , , , , , , , , , , , , , , , , , , , , , 
0x7fcae7ef2638, 1, , , , , , , , , , , , , , , , , , , , , , 
0x7fcae7ef22c4, 1, , , , , , , , , , , , , , , , , , , , , , 
0x7fcae7ef2326, 1, 0, 1, , , , , , , , , , , , , , , , , , , , 
0x7fcae7ef2338, 1, 1, 0, , , , , , , , , , , , , , , , , , , , 
0x7fcad4214de0, 1, 0, 1, , , , , , , , , , , , , , , , , , , , 
0x7fcae7ef2393, 1, 1, 0, , , , , , , , , , , , , , , , , , , , 
0x7fcad41f1fdb, 1, , , , , , , , , , , , , , , , , , , , , , 
0x7fcad41f1fd0, 1, 0, 1, , , , , , , , , , , , , , , , , , , , 
0x7fcad41f1f90, 1, 1, 0, , , , , , , , , , , , , , , , , , , , 
0x7fcae7eee09b, 1, 1, 0, , , , , , , , , , , , , , , , , , , , 
0x7fcae7ef23d5, 1, 0, 1, , , , , , , , , , , , , , , , , , , , 
0x7fcae7eee08e, 1, 0, 1, , , , , , , , , , , , , , , , , , , , 
0x562a3c3b7040, 1, , , 0x7fcad41f1f90, 1, , , , , , , , , , , , , , , , , , 
0x7fcae7eee075, 1, 1, 0, , , , , , , , , , , , , , , , , , , , 
0x7fcae7eee069, 1, 0, 1, , , , , , , , , , , , , , , , , , , , 
0x7fcae7eec13a, 1, , , 0x562a3c3b7040, 1, , , , , , , , , , , , , , , , , , 
0x7fcae7eef1f2, 1, , , , , , , , , , , , , , , , , , , , , , 
0x7fcae7ef23a9, 1, 0, 1, , , , , , , , , , , , , , , , , , , , 
0x7fcae7ef23c8, 1, 1, 0, , , , , , , , , , , , , , , , , , , , 
0x7fcae7ef2401, 1, 0, 1, , , , , , , , , , , , , , , , , , , , 
0x7fcae7ef240b, 1, , , , , , , , , , , , , , , , , , , , , , 
0x7fcae7efcbf8, 1, , , , , , , , , , , , , , , , , , , , , , 
0x7fcae7efcbf0, 1, 0, 1, , , , , , , , , , , , , , , , , , , , 
0x7fcae7efcba3, 1, , , , , , , , , , , , , , , , , , , , , , 
0x7fcae7eee060, 1, 1, 0, , , , , , , , , , , , , , , , , , , , 
0x7fcae7f0e62a, 1, , , , , , , , , , , , , , , , , , , , , , 
0x7fcae7efcb9a, 1, 0, 1, , , , , , , , , , , , , , , , , , , , 
0x7fcae7f0e62a, 1, , , , , , , , , , , , , , , , , , , , , , 
0x7fcae7ef2429, 1, 1, 0, , , , , , , , , , , , , , , , , , , , 
0x7fcad41f1b44, 1, , , , , , , , , , , , , , , , , , , , , , 
0x7fcad41f1b0d, 1, 0, 1, , , , , , , , , , , , , , , , , , , , 
0x7fcae7ef2c04, 1, , , , , , , , , , , , , , , , , , , , , , 
0x7fcae7ef2c23, 1, 1, 0, , , , , , , , , , , , , , , , , , , , 
0x7fcad41f1b08, 1, 0, 1, , , , , , , , , , , , , , , , , , , , 
0x7fcae7ef26c9, 1, 0, 1, , , , , , , , , , , , , , , , , , , , 
0x7fcae7ef26de, 1, 0, 1, , , , , , , , , , , , , , , , , , , , 
0x7fcae7ef26f0, 1, 0, 1, , , , , , , , , , , , , , , , , , , , 
0x7fcae7ef2701, 1, , , , , , , , , , , , , , , , , , , , , , 
0x7fcae7ef274b, 1, 0, 1, , , , , , , , , , , , , , , , , , , , 
0x7fcae7ef2751, 1, , , , , , , , , , , , , , , , , , , , , , 
0x7fcad41f1ad5, 1, 1, 0, , , , , , , , , , , , , , , , , , , , 
0x7fcae7eee054, 1, 1, 0, , , , , , , , , , , , , , , , , , , , 
0x7fcad41f1ad0, 1, 0, 1, , , , , , , , , , , , , , , , , , , , 
0x7fcad41f1c85, 1, 1, 0, , , , , , , , , , , , , , , , , , , , 
0x7fcae7eee03d, 1, 1, 0, , , , , , , , , , , , , , , , , , , , 
0x7fcae7eee031, 1, 0, 1, , , , , , , , , , , , , , , , , , , , 
0x7fcae7ef2760, 1, 1, 0, , , , , , , , , , , , , , , , , , , , 
0x7fcad41f1c70, 1, 1, 0, , , , , , , , , , , , , , , , , , , , 
0x7fcae7ef277a, 1, 0, 1, , , , , , , , , , , , , , , , , , , , 
0x7fcae7ef278a, 1, 0, 1, , , , , , , , , , , , , , , , , , , , 
0x7fcae7ef2796, 1, , , , , , , , , , , , , , , , , , , , , , 
0x7fcae7eee01f, 1, 0, 1, , , , , , , , , , , , , , , , , , , , 
0x7fcae7ef27a3, 1, 0, 1, , , , , , , , , , , , , , , , , , , , 
0x7fcae7ef27a8, 1, 0, 1, , , , , , , , , , , , , , , , , , , , 
0x7fcae7ef27b2, 1, 0, 1, , , , , , , , , , , , , , , , , , , , 
0x7fcae7ef27c0, 1, 0, 1, , , , , , , , , , , , , , , , , , , , 
0x7fcae7ef27ce, 1, 0, 1, , , , , , , , , , , , , , , , , , , , 
0x7fcae7ef27dc, 1, 0, 1, , , , , , , , , , , , , , , , , , , , 
0x7fcae7ef27ea, 1, 0, 1, , , , , , , , , , , , , , , , , , , , 
0x7fcae7ef27fb, 1, 0, 1, , , , , , , , , , , , , , , , , , , , 
0x7fcae7ef280c, 1, 0, 1, , , , , , , , , , , , , , , , , , , , 
0x7fcae7ef281d, 1, 0, 1, , , , , , , , , , , , , , , , , , , , 
0x7fcae7ef282e, 1, 0, 1, , , , , , , , , , , , , , , , , , , , 
0x7fcae7ef2839, 1, 0, 1, , , , , , , , , , , , , , , , , , , , 
0x7fcae7ef2841, 1, 0, 1, , , , , , , , , , , , , , , , , , , , 
0x7fcae7ef2854, 1, 0, 1, , , , , , , , , , , , , , , , , , , , 
0x7fcae7ef2861, 1, 1, 0, , , , , , , , , , , , , , , , , , , , 
0x7fcae7ef287a, 1, 1, 0, , , , , , , , , , , , , , , , , , , , 
0x7fcad41f1c6b, 1, 0, 1, , , , , , , , , , , , , , , , , , , , 
0x7fcad41f1e63, 1, 1, 0, , , , , , , , , , , , , , , , , , , , 
0x7fcae7ef2887, 1, 0, 1, , , , , , , , , , , , , , , , , , , , 
0x7fcae7ef2890, 1, 1, 0, , , , , , , , , , , , , , , , , , , , 
0x7fcad41f1e5c, 1, 0, 1, , , , , , , , , , , , , , , , , , , , 
0x7fcae7ef2ead, 1, , , , , , , , , , , , , , , , , , , , , , 
0x7fcae7ef28cd, 1, 1, 0, , , , , , , , , , , , , , , , , , , , 
0x7fcad41f1e0e, 1, 1, 0, , , , , , , , , , , , , , , , , , , , 
0x7fcad41f1dc1, 1, 1, 0, , , , , , , , , , , , , , , , , , , , 
0x7fcae7ef28e4, 1, 1, 0, , , , , , , , , , , , , , , , , , , , 
0x7fcad41f1da1, 1, , , , , , , , , , , , , , , , , , , , , , 
0x7fcad41f1d7e, 1, 0, 1, , , , , , , , , , , , , , , , , , , , 
0x7fcae7ef28f3, 1, 1, 0, , , , , , , , , , , , , , , , , , , , 
0x7fcad41f1d73, 1, 0, 1, , , , , , , , , , , , , , , , , , , , 
0x7fcad41f1c13, 1, 1, 0, , , , , , , , , , , , , , , , , , , , 
0x7fcae7ef2908, 1, 0, 1, , , , , , , , , , , , , , , , , , , , 
0x7fcae7ef2919, 1, 0, 1, , , , , , , , , , , , , , , , , , , , 
0x7fcae7ef293c, 1, 0, 1, , , , , , , , , , , , , , , , , , , , 
0x7fcae7ef2949, 1, , , , , , , , , , , , , , , , , , , , , , 
0x7fcae7ef2960, 1, 0, 1, , , , , , , , , , , , , , , , , , , , 
0x7fcae7ef2968, 1, 0, 1, , , , , , , , , , , , , , , , , , , , 
0x7fcae7ef2975, 1, 0, 1, , , , , , , , , , , , , , , , , , , , 
0x7fcae7ef2999, 1, , , , , , , , , , , , , , , , , , , , , , 
0x7fcae7ef29a1, 1, 0, 1, , , , , , , , , , , , , , , , , , , , 
0x7fcae7ef29a7, 1, 1, 0, , , , , , , , , , , , , , , , , , , , 
0x7fcad41f1c0d, 1, 0, 1, , , , , , , , , , , , , , , , , , , , 
0x7fcae7ef2a0a, 1, 0, 1, , , , , , , , , , , , , , , , , , , , 
0x7fcae7ef2a19, 1, 0, 1, , , , , , , , , , , , , , , , , , , , 
0x7fcae7ef2a38, 1, 0, 1, , , , , , , , , , , , , , , , , , , , 
0x7fcae7ef2a46, 1, 0, 1, , , , , , , , , , , , , , , , , , , , 
0x7fcae7ef2a51, 1, 0, 1, , , , , , , , , , , , , , , , , , , , 
0x7fcae7ef2a65, 1, , , , , , , , , , , , , , , , , , , , , , 
0x7fcae7eff360, 1, 0, 1, , , , , , , , , , , , , , , , , , , , 
0x7fcae7eff374, 1, , , , , , , , , , , , , , , , , , , , , , 
0x7fcae7ef2a6a, 1, , , , , , , , , , , , , , , , , , , , , , 
0x7fcae7eee018, 1, 0, 1, , , , , , , , , , , , , , , , , , , , 
0x7fcae7ef81bc, 1, , , 0x7fcae7eec160, 1, , , , , , , , , , , , , , , , , , 
0x7fcae7ef2a7e, 1, 1, 0, , , , , , , , , , , , , , , , , , , , 
0x7fcad41f1c30, 1, , , , , , , , , , , , , , , , , , , , , , 
0x7fcad41f1c28, 1, 0, 1, , , , , , , , , , , , , , , , , , , , 
0x7fcae7ef20d5, 1, , , , , , , , , , , , , , , , , , , , , , 
0x7fcae7ef561b, 1, , , , , , , , , , , , , , , , , , , , , , 
0x7fcae7eedffd, 1, 1, 0, , , , , , , , , , , , , , , , , , , , 
0x7fcae7eedfed, 1, 0, 1, , , , , , , , , , , , , , , , , , , , 
0x7fcae7eedfe1, 1, 0, 1, , , , , , , , , , , , , , , , , , , , 
0x7fcad41f1d21, 1, , , , , , , , , , , , , , , , , , , , , , 
0x7fcae7eedfcd, 1, 1, 0, , , , , , , , , , , , , , , , , , , , 
0x7fcae7eedfc0, 1, 0, 1, , , , , , , , , , , , , , , , , , , , 
0x7fcae7eedfb3, 1, 0, 1, , , , , , , , , , , , , , , , , , , , 
0x7fcae7efa9fb, 1, 0, 1, , , , , , , , , , , , , , , , , , , , 
0x7fcae7efaa18, 1, 0, 1, , , , , , , , , , , , , , , , , , , , 
0x7fcae7eedfa6, 1, 0, 1, , , , , , , , , , , , , , , , , , , , 
0x7fcae7eedf9d, 1, 0, 1, , , , , , , , , , , , , , , , , , , , 
0x7fcad41f1d17, 1, 0, 1, , , , , , , , , , , , , , , , , , , , 
0x7fcae7eedf90, 1, 1, 0, , , , , , , , , , , , , , , , , , , , 
0x7fcae7efa712, 1, , , , , , , , , , , , , , , , , , , , , , 
0x7fcae7eedf88, 1, 0, 1, , , , , , , , , , , , , , , , , , , , 
0x7fcae7eed138, 1, 1, 0, , , , , , , , , , , , , , , , , , , , 
0x7fcae7eed14b, 1, 0, 1, , , , , , , , , , , , , , , , , , , , 
0x7fcae7efa7b3, 1, , , , , , , , , , , , , , , , , , , , , , 
0x7fcae7eed159, 1, 1, 0, , , , , , , , , , , , , , , , , , , , 
0x7fcae7eed187, 1, 0, 1, , , , , , , , , , , , , , , , , , , , 
0x7fcad41f1bda, 1, , , , , , , , , , , , , , , , , , , , , , 
0x7fcae7eedf77, 1, 1, 0, , , , , , , , , , , , , , , , , , , , 
0x7fcae7eeee31, 1, , , , , , , , , , , , , , , , , , , , , , 
0x7fcae7eeee21, 1, 0, 1, , , , , , , , , , , , , , , , , , , , 
0x7fcad41f1bcc, 1, 0, 1, , , , , , , , , , , , , , , , , , , , 
0x7fcad41f1bc5, 1, 0, 1, , , , , , , , , , , , , , , , , , , , 
0x7fcae7efaf2c, 1, , , , , , , , , , , , , , , , , , , , , , 
0x7fcae7f0a0b0, 1, 1, 0, , , , , , , , , , , , , , , , , , , , 
0x7fcad41f1baf, 1, 0, 1, , , , , , , , , , , , , , , , , , , , 
0x7fcad41f1ba3, 1, 0, 1, , , , , , , , , , , , , , , , , , , , 
0x7fcae7f0a0d3, 1, 1, 0, , , , , , , , , , , , , , , , , , , , 
0x7fcad428a488, 1, 1, 0, , , , , , , , , , , , , , , , , , , , 
0x7fcad428a47e, 1, 1, 0, , , , , , , , , , , , , , , , , , , , 
0x7fcae7f0a108, 1, , , , , , , , , , , , , , , , , , , , , , 
0x7fcae7efaf40, 1, 0, 1, , , , , , , , , , , , , , , , , , , , 
0x7fcae7efaf48, 1, , , , , , , , , , , , , , , , , , , , , , 
0x7fcae7f0dc50, 1, 1, 0, , , , , , , , , , , , , , , , , , , , 
0x7fcae7eed1a9, 1, 0, 1, , , , , , , , , , , , , , , , , , , , 
0x7fcad41f1b95, 1, , , , , , , , , , , , , , , , , , , , , , 
0x7fcae7f0dd60, 1, , , , , , , , , , , , , , , , , , , , , , 
0x7fcae7ef47b9, 1, 0, 1, , , , , , , , , , , , , , , , , , , , 
0x7fcae7ef47be, 1, , , , , , , , , , , , , , , , , , , , , , 
0x7fcae7ef54e9, 1, 1, 0, , , , , , , , , , , , , , , , , , , , 
0x7fcad428a3e5, 1, 1, 0, , , , , , , , , , , , , , , , , , , , 
0x7fcae7eed1b0, 1, 0, 1, , , , , , , , , , , , , , , , , , , , 
0x7fcae7efaa22, 1, 1, 0, , , , , , , , , , , , , , , , , , , , 
0x7fcae7eed1cd, 1, 0, 1, , , , , , , , , , , , , , , , , , , , 
0x7fcae7efa72f, 1, 0, 1, , , , , , , , , , , , , , , , , , , , 
0x7fcae7efa73b, 1, , , , , , , , , , , , , , , , , , , , , , 
0x7fcae7efa759, 1, , , , , , , , , , , , , , , , , , , , , , 
0x7fcae7efa76c, 1, 1, 0, , , , , , , , , , , , , , , , , , , , 
0x7fcae7eed1de, 1, 0, 1, , , , , , , , , , , , , , , , , , , , 
0x7fcae7efabcb, 1, 1, 0, , , , , , , , , , , , , , , , , , , , 
0x7fcae7eed1e8, 1, 0, 1, , , , , , , , , , , , , , , , , , , , 
0x7fcae7efabe0, 1, 0, 1, , , , , , , , , , , , , , , , , , , , 
0x7fcae7efabea, 1, 0, 1, , , , , , , , , , , , , , , , , , , , 
0x7fcae7efabf4, 1, 1, 0, , , , , , , , , , , , , , , , , , , , 
0x7fcae7efac37, 1, , , , , , , , , , , , , , , , , , , , , , 
0x7fcae7efac4a, 1, 0, 1, , , , , , , , , , , , , , , , , , , , 
0x7fcae7efac56, 1, 0, 1, , , , , , , , , , , , , , , , , , , , 
0x7fcae7efac86, 1, 1, 0, , , , , , , , , , , , , , , , , , , , 
0x7fcae7eeee11, 1, 0, 1, , , , , , , , , , , , , , , , , , , , 
0x7fcae7efacb1, 1, 0, 1, , , , , , , , , , , , , , , , , , , , 
0x7fcae7efacbe, 1, 0, 1, , , , , , , , , , , , , , , , , , , , 
0x7fcae7efacce, 1, 1, 0, , , , , , , , , , , , , , , , , , , , 
0x7fcae7eed1ea, 1, 1, 0, , , , , , , , , , , , , , , , , , , , 
0x7fcae7eecfdb, 1, , , , , , , , , , , , , , , , , , , , , , 
0x7fcae7efae6b, 1, , , , , , , , , , , , , , , , , , , , , , 
0x7fcae7efae81, 1, , , , , , , , , , , , , , , , , , , , , , 
0x7fcad41f1b88, 1, , , , , , , , , , , , , , , , , , , , , , 
0x7fcae7eeedd6, 1, 1, 0, , , , , , , , , , , , , , , , , , , , 
0x7fcae7eecffe, 1, , , , , , , , , , , , , , , , , , , , , , 
0x7fcae7f07700, 1, 0, 1, , , , , , , , , , , , , , , , , , , , 
0x7fcae7eedf25, 1, , , , , , , , , , , , , , , , , , , , , , 
0x7fcae7eedf19, 1, 0, 1, , , , , , , , , , , , , , , , , , , , 
0x7fcae7eedf0c, 1, 0, 1, , , , , , , , , , , , , , , , , , , , 
0x7fcae7eedeff, 1, 0, 1, , , , , , , , , , , , , , , , , , , , 
0x7fcae7eedee7, 1, 0, 1, , , , , , , , , , , , , , , , , , , , 
0x7fcae7eedec0, 1, 0, 1, , , , , , , , , , , , , , , , , , , , 
0x7fcae7f0438c, 1, 0, 1, , , , , , , , , , , , , , , , , , , , 
0x7fcae7f04392, 1, 0, 1, , , , , , , , , , , , , , , , , , , , 
0x7fcae7eedebc, 1, 0, 1, , , , , , , , , , , , , , , , , , , , 
0x7fcae7f043be, 1, 0, 1, , , , , , , , , , , , , , , , , , , , 
0x7fcae7f043cb, 1, 0, 1, , , , , , , , , , , , , , , , , , , , 
0x7fcae7f043d1, 1, , , , , , , , , , , , , , , , , , , , , , 
0x7fcae7eedea2, 1, , , , , , , , , , , , , , , , , , , , , , 
0x7fcae7eede96, 1, 0, 1, , , , , , , , , , , , , , , , , , , , 
0x7fcae7eede86, 1, 0, 1, , , , , , , , , , , , , , , , , , , , 
0x7fcae7eede7d, 1, 0, 1, , , , , , , , , , , , , , , , , , , , 
0x7fcae7f0438c, 1, 1, 0, , , , , , , , , , , , , , , , , , , , 
0x7fcae7f07747, 1, 1, 0, , , , , , , , , , , , , , , , , , , , 
0x7fcae7f07751, 1, 0, 1, , , , , , , , , , , , , , , , , , , , 
0x7fcae7f07780, 1, 0, 1, , , , , , , , , , , , , , , , , , , , 
0x7fcad428a549, 1, 1, 0, , , , , , , , , , , , , , , , , , , , 
0x7fcae7efae91, 1, 1, 0, , , , , , , , , , , , , , , , , , , , 
0x7fcad428a538, 1, 0, 1, , , , , , , , , , , , , , , , , , , , 
0x7fcae7efaec7, 1, 1, 0, , , , , , , , , , , , , , , , , , , , 
0x7fcae7f0781a, 1, , , 0x7fcae7f078f8, 1, , , , , , , , , , , , , , , , , , 
0x7fcae7efaedb, 1, 0, 1, , , , , , , , , , , , , , , , , , , , 
0x7fcae7efaee9, 1, , , , , , , , , , , , , , , , , , , , , , 
0x7fcae7eef064, 1, 0, 1, , , , , , , , , , , , , , , , , , , , 
0x7fcae7eef086, 1, 1, 0, , , , , , , , , , , , , , , , , , , , 
0x7fcae7f078f8, 1, 1, 0, , , , , , , , , , , , , , , , , , , , 
0x7fcae7eede6d, 1, 1, 0, , , , , , , , , , , , , , , , , , , , 
0x7fcae7eef0aa, 1, 0, 1, , , , , , , , , , , , , , , , , , , , 
0x7fcae7eef0c8, 1, 0, 1, , , , , , , , , , , , , , , , , , , , 
0x7fcae7eef0d5, 1, , , , , , , , , , , , , , , , , , , , , , 
0x7fcae7eef0f7, 1, 1, 0, , , , , , , , , , , , , , , , , , , , 
0x7fcae7f07840, 1, 1, 0, , , , , , , , , , , , , , , , , , , , 
0x7fcae7f079c0, 1, 1, 0, , , , , , , , , , , , , , , , , , , , 
0x7fcae7eef0ea, 1, 0, 1, , , , , , , , , , , , , , , , , , , , 
0x7fcae7eef0f7, 1, 0, 1, , , , , , , , , , , , , , , , , , , , 
0x7fcae7eef106, 1, 0, 1, , , , , , , , , , , , , , , , , , , , 
0x7fcae7eef122, 1, 1, 0, , , , , , , , , , , , , , , , , , , , 
0x7fcae7f07a30, 1, 1, 0, , , , , , , , , , , , , , , , , , , , 
0x7fcae7f07998, 1, 1, 0, , , , , , , , , , , , , , , , , , , , 
0x7fcae7eef12f, 1, 0, 1, , , , , , , , , , , , , , , , , , , , 
0x7fcae7eef146, 1, 1, 0, , , , , , , , , , , , , , , , , , , , 
0x7fcae7f07a70, 1, 1, 0, , , , , , , , , , , , , , , , , , , , 
0x7fcae7eef154, 1, 0, 1, , , , , , , , , , , , , , , , , , , , 
0x7fcae7eef15d, 1, 1, 0, , , , , , , , , , , , , , , , , , , , 
0x7fcae7f07a50, 1, 1, 0, , , , , , , , , , , , , , , , , , , , 
0x7fcae7eef74b, 1, , , , , , , , , , , , , , , , , , , , , , 
0x7fcae7eef29c, 1, , , , , , , , , , , , , , , , , , , , , , 
0x7fcae7f08d90, 1, , , 0x7fcae7eecdb0, 1, , , , , , , , , , , , , , , , , , 
0x7fcae7eecdb0, 1, , , , , , , , , , , , , , , , , , , , , , 
0x7fcae7efe550, 1, 0, 1, , , , , , , , , , , , , , , , , , , , 
0x7fcae7efe563, 1, 1, 0, , , , , , , , , , , , , , , , , , , , 
0x7fcae7f07a10, 1, 1, 0, , , , , , , , , , , , , , , , , , , , 
0x7fcae7f07948, 1, 1, 0, , , , , , , , , , , , , , , , , , , , 
0x7fcae7f07828, 1, 1, 0, , , , , , , , , , , , , , , , , , , , 
0x7fcae7eede3f, 1, 1, 0, , , , , , , , , , , , , , , , , , , , 
0x7fcae7eee880, 1, , , , , , , , , , , , , , , , , , , , , , 
0x7fcad41f1b73, 1, , , , , , , , , , , , , , , , , , , , , , 
0x7fcad41f1a80, 1, 1, 0, , , , , , , , , , , , , , , , , , , , 
0x7fcae7eeedf2, 1, 1, 0, , , , , , , , , , , , , , , , , , , , 
0x7fcae7eee858, 1, 0, 1, , , , , , , , , , , , , , , , , , , , 
0x7fcae7efcb90, 1, , , 0x7fcad41f1a80, 1, , , , , , , , , , , , , , , , , , 
0x7fcae7efcb9a, 1, 1, 0, , , , , , , , , , , , , , , , , , , , 
0x7fcae7eede2a, 1, 1, 0, , , , , , , , , , , , , , , , , , , , 
0x7fcae7eede1e, 1, 0, 1, , , , , , , , , , , , , , , , , , , , 
0x7fcae7eede12, 1, 0, 1, , , , , , , , , , , , , , , , , , , , 
0x7fcad41f1a77, 1, , , , , , , , , , , , , , , , , , , , , , 
0x7fcad41f1a67, 1, 0, 1, , , , , , , , , , , , , , , , , , , , 
0x7fcae7efdf0d, 1, 0, 1, , , , , , , , , , , , , , , , , , , , 
0x7fcae7efdf41, 1, 0, 1, , , , , , , , , , , , , , , , , , , , 
0x7fcae7efdf51, 1, 0, 1, , , , , , , , , , , , , , , , , , , , 
0x7fcae7eee623, 1, 1, 0, , , , , , , , , , , , , , , , , , , , 
0x7fcae7ef0018, 1, , , , , , , , , , , , , , , , , , , , , , 
0x7fcae7ef000b, 1, 0, 1, , , , , , , , , , , , , , , , , , , , 
0x7fcad41f1a57, 1, 0, 1, , , , , , , , , , , , , , , , , , , , 
0x7fcad41f1a20, 1, 1, 0, , , , , , , , , , , , , , , , , , , , 
0x7fcae7efcb82, 1, , , 0x7fcad41f1a20, 1, , , , , , , , , , , , , , , , , , 
0x7fcae7eee6ce, 1, 1, 0, , , , , , , , , , , , , , , , , , , , 
0x7fcae7eee6b5, 1, 0, 1, , , , , , , , , , , , , , , , , , , , 
0x7fcae7efcb68, 1, 0, 1, , , , , , , , , , , , , , , , , , , , 
0x7fcae7eee700, 1, 1, 0, , , , , , , , , , , , , , , , , , , , 
0x7fcae7eee6a4, 1, , , , , , , , , , , , , , , , , , , , , , 
0x7fcae7eee69a, 1, 0, 1, , , , , , , , , , , , , , , , , , , , 
0x7fcae7eee681, 1, 0, 1, , , , , , , , , , , , , , , , , , , , 
0x7fcae7efe062, 1, , , , , , , , , , , , , , , , , , , , , , 
0x7fcae7eee670, 1, 0, 1, , , , , , , , , , , , , , , , , , , , 
0x7fcae7efcb5c, 1, 0, 1, , , , , , , , , , , , , , , , , , , , 
0x7fcae7eee667, 1, 0, 1, , , , , , , , , , , , , , , , , , , , 
0x7fcae7efe263, 1, , , , , , , , , , , , , , , , , , , , , , 
0x7fcae7efe294, 1, 1, 0, , , , , , , , , , , , , , , , , , , , 
0x7fcad4202500, 1, , , , , , , , , , , , , , , , , , , , , , 
0x7fcae7eee661, 1, 0, 1, , , , , , , , , , , , , , , , , , , , 
0x7fcae7eee654, 1, 0, 1, , , , , , , , , , , , , , , , , , , , 
0x7fcae7eee5fb, 1, , , , , , , , , , , , , , , , , , , , , , 
0x7fcae7eee5e6, 1, 0, 1, , , , , , , , , , , , , , , , , , , , 
0x7fcae7eee5db, 1, 0, 1, , , , , , , , , , , , , , , , , , , , 
0x7fcad41f1f45, 1, , , , , , , , , , , , , , , , , , , , , , 
0x7fcad42ed1c7, 1, , , , , , , , , , , , , , , , , , , , , , 
0x7fcad427f91a, 1, , , , , , , , , , , , , , , , , , , , , , 
0x7fcae7efe3a6, 1, 1, 0, , , , , , , , , , , , , , , , , , , , 
0x7fcad427f90a, 1, 0, 1, , , , , , , , , , , , , , , , , , , , 
0x7fcae7eee78a, 1, 1, 0, , , , , , , , , , , , , , , , , , , , 
0x7fcad427f8e9, 1, 0, 1, , , , , , , , , , , , , , , , , , , , 
0x7fcad427f8c0, 1, 0, 1, , , , , , , , , , , , , , , , , , , , 
0x7fcae7eee7fd, 1, 1, 0, , , , , , , , , , , , , , , , , , , , 
0x7fcae7eee7f0, 1, 0, 1, , , , , , , , , , , , , , , , , , , , 
0x7fcae7eee7df, 1, 1, 0, , , , , , , , , , , , , , , , , , , , 
0x7fcae7efe5b1, 1, , , , , , , , , , , , , , , , , , , , , , 
0x7fcae7eee7c8, 1, 0, 1, , , , , , , , , , , , , , , , , , , , 
0x7fcad41f05e0, 1, , , 0x7fcad427f8c0, 1, , , , , , , , , , , , , , , , , , 
0x7fcad42ed1ba, 1, , , , , , , , , , , , , , , , , , , , , , 
0x7fcad42ed1a9, 1, 0, 1, , , , , , , , , , , , , , , , , , , , 
0x7fcad42ed1a0, 1, 0, 1, , , , , , , , , , , , , , , , , , , , 
0x7fcad41f1f27, 1, , , , , , , , , , , , , , , , , , , , , , 
0x7fcad41f1f50, 1, 1, 0, , , , , , , , , , , , , , , , , , , , 
0x7fcad41f1f00, 1, 1, 0, , , , , , , , , , , , , , , , , , , , 
0x7fcae7efcb4b, 1, , , 0x7fcad41f1f00, 1, , , , , , , , , , , , , , , , , , 
0x7fcae7f07920, 1, 1, 0, , , , , , , , , , , , , , , , , , , , 
0x7fcae7eee71e, 1, 1, 0, , , , , , , , , , , , , , , , , , , , 
0x7fcae7efccab, 1, , , , , , , , , , , , , , , , , , , , , , 
0x7fcae7f079e8, 1, 0, 1, , , , , , , , , , , , , , , , , , , , 
0x7fcae7eee81a, 1, 1, 0, , , , , , , , , , , , , , , , , , , , 
0x7fcae7f07a02, 1, , , , , , , , , , , , , , , , , , , , , , 
0x7fcae7eede08, 1, , , 0x7fcae7eee81a, 1, , , , , , , , , , , , , , , , , , 
0x7fcae7efcbb0, 1, 1, 0, , , , , , , , , , , , , , , , , , , , 
0x7fcae7efcb3e, 1, 0, 1, , , , , , , , , , , , , , , , , , , , 
0x7fcae7eede03, 1, 0, 1, , , , , , , , , , , , , , , , , , , , 
0x7fcae7eeddff, 1, 0, 1, , , , , , , , , , , , , , , , , , , , 
0x7fcae7f07850, 1, 0, 1, , , , , , , , , , , , , , , , , , , , 
0x7fcae7eeddc2, 1, 0, 1, , , , , , , , , , , , , , , , , , , , 
0x7fcae7eedd73, 1, 0, 1, , , , , , , , , , , , , , , , , , , , 
0x7fcae7eedd66, 1, 0, 1, , , , , , , , , , , , , , , , , , , , 
0x7fcae7f0b8c0, 1, 1, 0, , , , , , , , , , , , , , , , , , , , 
0x7fcae7f07855, 1, 0, 1, , , , , , , , , , , , , , , , , , , , 
0x7fcae7efcc94, 1, , , , , , , , , , , , , , , , , , , , , , 
0x7fcae7efdee0, 1, 1, 0, , , , , , , , , , , , , , , , , , , , 
0x7fcae7efcc73, 1, 0, 1, , , , , , , , , , , , , , , , , , , , 
0x7fcae7efcc65, 1, 0, 1, , , , , , , , , , , , , , , , , , , , 
0x7fcae7eecdcc, 1, 1, 0, , , , , , , , , , , , , , , , , , , , 
0x7fcae7efcc5b, 1, 1, 0, , , , , , , , , , , , , , , , , , , , 
0x7fcae7efcc20, 1, 0, 1, , , , , , , , , , , , , , , , , , , , 
0x7fcae7eecdd6, 1, , , , , , , , , , , , , , , , , , , , , , 
0x7fcae7f08dc2, 1, , , , , , , , , , , , , , , , , , , , , , 
0x7fcae7eef2d4, 1, 1, 0, , , , , , , , , , , , , , , , , , , , 
0x7fcae7eec108, 1, , , , , , , , , , , , , , , , , , , , , , 
0x7fcae7eed05c, 1, , , , , , , , , , , , , , , , , , , , , , 
0x7fcae7ef0fa8, 1, , , , , , , , , , , , , , , , , , , , , , 
0x7fcae7eecbf0, 1, 0, 1, , , , , , , , , , , , , , , , , , , , 
0x7fcae7eecc0d, 1, , , , , , , , , , , , , , , , , , , , , , 
0x7fcae7eecc1f, 1, 0, 1, , , , , , , , , , , , , , , , , , , , 
0x7fcae7eecc47, 1, 0, 1, , , , , , , , , , , , , , , , , , , , 
0x7fcae7eecc57, 1, 1, 0, , , , , , , , , , , , , , , , , , , , 
0x7fcae7ef81c4, 1, , , 0x7fcae7eec160, 1, , , , , , , , , , , , , , , , , , 
0x7fcae7eecd0b, 1, , , , , , , , , , , , , , , , , , , , , , 
0x7fcae7ef8200, 1, , , , , , , , , , , , , , , , , , , , , , 
0x7fcae7eecc6c, 1, 1, 0, , , , , , , , , , , , , , , , , , , , 
0x7fcae7eed04c, 1, 0, 1, , , , , , , , , , , , , , , , , , , , 
0x7fcae7eecc87, 1, 0, 1, , , , , , , , , , , , , , , , , , , , 
0x7fcae7eecc90, 1, , , , , , , , , , , , , , , , , , , , , , 
0x7fcae7eff4d0, 1, 0, 1, , , , , , , , , , , , , , , , , , , , 
0x7fcae7eff4ec, 1, 0, 1, , , , , , , , , , , , , , , , , , , , 
0x7fcae7eff4f8, 1, 0, 1, , , , , , , , , , , , , , , , , , , , 
0x7fcae7eff506, 1, , , , , , , , , , , , , , , , , , , , , , 
0x7fcae7eff56a, 1, 0, 1, , , , , , , , , , , , , , , , , , , , 
0x7fcae7eff573, 1, 1, 0, , , , , , , , , , , , , , , , , , , , 
0x7fcae7f07c4b, 1, , , , , , , , , , , , , , , , , , , , , , 
0x7fcae7eff520, 1, 1, 0, , , , , , , , , , , , , , , , , , , , 
0x7fcae7eef7bb, 1, , , , , , , , , , , , , , , , , , , , , , 
0x7fcae7f04f80, 1, , , , , , , , , , , , , , , , , , , , , , 
0x7fcae7eff54b, 1, 1, 0, , , , , , , , , , , , , , , , , , , , 
0x7fcae7f0a213, 1, , , , , , , , , , , , , , , , , , , , , , 
0x7fcae7f0a20b, 1, 0, 1, , , , , , , , , , , , , , , , , , , , 
0x7fcae7eff5d8, 1, , , , , , , , , , , , , , , , , , , , , , 
0x7fcae7eecc95, 1, , , , , , , , , , , , , , , , , , , , , , 
0x7fcae7eff6b0, 1, , , , , , , , , , , , , , , , , , , , , , 
0x7fcae7eff6d0, 1, 0, 1, , , , , , , , , , , , , , , , , , , , 
0x7fcae7eff6d9, 1, , , , , , , , , , , , , , , , , , , , , , 
0x7fcae7eff725, 1, , , , , , , , , , , , , , , , , , , , , , 
0x7fcae7ef81bc, 1, , , 0x7fcae7eec160, 1, , , , , , , , , , , , , , , , , , 
0x7fcae7eff728, 1, , , , , , , , , , , , , , , , , , , , , , 
0x7fcae7eff744, 1, 0, 1, , , , , , , , , , , , , , , , , , , , 
0x7fcae7eff749, 1, , , , , , , , , , , , , , , , , , , , , , 
0x7fcae7eecc9a, 1, 0, 1, , , , , , , , , , , , , , , , , , , , 
0x7fcae7eecca2, 1, , , , , , , , , , , , , , , , , , , , , , 
0x7fcae7eeccc0, 1, 1, 0, , , , , , , , , , , , , , , , , , , , 
0x7fcae7f0a200, 1, , , , , , , , , , , , , , , , , , , , , , 
0x7fcae7eeccf2, 1, , , , , , , , , , , , , , , , , , , , , , 
0x7fcae7ef0fad, 1, , , , , , , , , , , , , , , , , , , , , , 
0x7fcae7eef2ef, 1, 0, 1, , , , , , , , , , , , , , , , , , , , 
0x7fcae7eef2f8, 1, 0, 1, , , , , , , , , , , , , , , , , , , , 
0x7fcae7eef33c, 1, 1, 0, , , , , , , , , , , , , , , , , , , , 
0x7fcae7eef757, 1, , , , , , , , , , , , , , , , , , , , , , 
0x7fcae7eef45e, 1, 0, 1, , , , , , , , , , , , , , , , , , , , 
0x7fcae7eef48c, 1, , , , , , , , , , , , , , , , , , , , , , 
0x7fcae7f06510, 1, , , , , , , , , , , , , , , , , , , , , , 
0x7fcae7f05e10, 1, 0, 1, , , , , , , , , , , , , , , , , , , , 
0x7fcae7f05e43, 1, 1, 0, , , , , , , , , , , , , , , , , , , , 
0x7fcae7f04f70, 1, , , , , , , , , , , , , , , , , , , , , , 
0x7fcae7f06040, 1, , , , , , , , , , , , , , , , , , , , , , 
0x7fcae7eef49e, 1, 1, 0, , , , , , , , , , , , , , , , , , , , 
0x7fcae7f04f50, 1, 1, 0, , , , , , , , , , , , , , , , , , , , 
0x7fcae7eef4ee, 1, 1, 0, , , , , , , , , , , , , , , , , , , , 
0x7fcae7eef7b5, 1, , , , , , , , , , , , , , , , , , , , , , 
0x7fcae7efd1e0, 1, , , , , , , , , , , , , , , , , , , , , , 
0x7fcae7eef702, 1, 1, 0, , , , , , , , , , , , , , , , , , , , 
0x7fcae7eef7a6, 1, , , , , , , , , , , , , , , , , , , , , , 
0x7fcae7eef50a, 1, 1, 0, , , , , , , , , , , , , , , , , , , , 
0x7fcae7eef79d, 1, , , , , , , , , , , , , , , , , , , , , , 
0x7fcae7eef53a, 1, 1, 0, , , , , , , , , , , , , , , , , , , , 
0x7fcae7eef78f, 1, 0, 1, , , , , , , , , , , , , , , , , , , , 
0x7fcae7f08020, 1, , , , , , , , , , , , , , , , , , , , , , 
0x7fcae7eedd3b, 1, , , , , , , , , , , , , , , , , , , , , , 
0x7fcae7eedd2f, 1, 0, 1, , , , , , , , , , , , , , , , , , , , 
0x7fcae7eef78a, 1, , , , , , , , , , , , , , , , , , , , , , 
0x7fcae7ef83d8, 1, 1, 0, , , , , , , , , , , , , , , , , , , , 
0x7fcae7ef8543, 1, , , , , , , , , , , , , , , , , , , , , , 
0x7fcae7ef8538, 1, 0, 1, , , , , , , , , , , , , , , , , , , , 
0x7fcae7eefc1e, 1, , , , , , , , , , , , , , , , , , , , , , 
0x7fcae7ef836c, 1, 1, 0, , , , , , , , , , , , , , , , , , , , 
0x7fcae7ef8d1e, 1, 1, 0, , , , , , , , , , , , , , , , , , , , 
0x7fcae7f07861, 1, 0, 1, , , , , , , , , , , , , , , , , , , , 
0x7fcae7ef8340, 1, 1, 0, , , , , , , , , , , , , , , , , , , , 
0x7fcae7ef8330, 1, 0, 1, , , , , , , , , , , , , , , , , , , , 
0x7fcae7ef8e7f, 1, 0, 1, , , , , , , , , , , , , , , , , , , , 
0x7fcae7ef8e6b, 1, 0, 1, , , , , , , , , , , , , , , , , , , , 
0x7fcae7ef8aa6, 1, 0, 1, , , , , , , , , , , , , , , , , , , , 
0x7fcae7ef8abb, 1, 0, 1, , , , , , , , , , , , , , , , , , , , 
0x7fcae7ef8acf, 1, 0, 1, , , , , , , , , , , , , , , , , , , , 
0x7fcae7ef8add, 1, 0, 1, , , , , , , , , , , , , , , , , , , , 
0x7fcae7ef8af8, 1, 0, 1, , , , , , , , , , , , , , , , , , , , 
0x7fcae7ef8b21, 1, 0, 1, , , , , , , , , , , , , , , , , , , , 
0x7fcae7ef8b52, 1, 0, 1, , , , , , , , , , , , , , , , , , , , 
0x7fcae7ef8b64, 1, 1, 0, , , , , , , , , , , , , , , , , , , , 
0x7fcae7ef82ef, 1, 1, 0, , , , , , , , , , , , , , , , , , , , 
0x7fcae7ef8b90, 1, 1, 0, , , , , , , , , , , , , , , , , , , , 
0x7fcae7ef8e5b, 1, 0, 1, , , , , , , , , , , , , , , , , , , , 
0x7fcae7ef8b99, 1, 1, 0, , , , , , , , , , , , , , , , , , , , 
0x7fcae7ef8e52, 1, 0, 1, , , , , , , , , , , , , , , , , , , , 
0x7fcae7ef8e48, 1, 0, 1, , , , , , , , , , , , , , , , , , , , 
0x7fcae7ef82ef, 1, 1, 0, , , , , , , , , , , , , , , , , , , , 
0x7fcae7ef82ea, 1, 0, 1, , , , , , , , , , , , , , , , , , , , 
0x7fcae7ef8e01, 1, 0, 1, , , , , , , , , , , , , , , , , , , , 
0x7fcae7f084e7, 1, , , , , , , , , , , , , , , , , , , , , , 
0x7fcae7f084dc, 1, 0, 1, , , , , , , , , , , , , , , , , , , , 
0x7fcae7f084c4, 1, 0, 1, , , , , , , , , , , , , , , , , , , , 
0x7fcae7f08568, 1, , , , , , , , , , , , , , , , , , , , , , 
0x7fcae7ef9812, 1, , , , , , , , , , , , , , , , , , , , , , 
0x7fcae7ef8b64, 1, 1, 0, , , , , , , , , , , , , , , , , , , , 
0x7fcae7eefbf4, 1, , , , , , , , , , , , , , , , , , , , , , 
0x7fcae7eef77d, 1, 1, 0, , , , , , , , , , , , , , , , , , , , 
0x7fcae7ef8270, 1, , , , , , , , , , , , , , , , , , , , , , 
0x7fcae7ef85d9, 1, , , , , , , , , , , , , , , , , , , , , , 
0x7fcae7eef769, 1, 0, 1, , , , , , , , , , , , , , , , , , , , 
0x7fcae7eef6ae, 1, 1, 0, , , , , , , , , , , , , , , , , , , , 
0x7fcae7ef85d4, 1, 0, 1, , , , , , , , , , , , , , , , , , , , 
0x7fcae7ef85d0, 1, 0, 1, , , , , , , , , , , , , , , , , , , , 
0x7fcae7eedd13, 1, , , , , , , , , , , , , , , , , , , , , , 
0x7fcae7eff8ad, 1, , , , , , , , , , , , , , , , , , , , , , 
0x7fcae7eff89f, 1, 0, 1, , , , , , , , , , , , , , , , , , , , 
0x7fcae7eed710, 1, 1, 0, , , , , , , , , , , , , , , , , , , , 
0x7fcae7eff88f, 1, 0, 1, , , , , , , , , , , , , , , , , , , , 
0x7fcae7eed6fb, 1, 1, 0, , , , , , , , , , , , , , , , , , , , 
0x7fcae7eed6eb, 1, 0, 1, , , , , , , , , , , , , , , , , , , , 
0x7fcae7eff87f, 1, , , , , , , , , , , , , , , , , , , , , , 
0x7fcae7eff865, 1, , , , , , , , , , , , , , , , , , , , , , 
0x7fcae7eed6a4, 1, 1, 0, , , , , , , , , , , , , , , , , , , , 
0x7fcae7f08408, 1, , , , , , , , , , , , , , , , , , , , , , 
0x7fcae7eff85c, 1, 0, 1, , , , , , , , , , , , , , , , , , , , 
0x7fcae7eff845, 1, 0, 1, , , , , , , , , , , , , , , , , , , , 
0x7fcae7eff83c, 1, 0, 1, , , , , , , , , , , , , , , , , , , , 
0x7fcae7f083e5, 1, 1, 0, , , , , , , , , , , , , , , , , , , , 
0x7fcae7eff807, 1, 0, 1, , , , , , , , , , , , , , , , , , , , 
0x7fcae7f083c0, 1, 1, 0, , , , , , , , , , , , , , , , , , , , 
0x7fcae7eed5e0, 1, , , , , , , , , , , , , , , , , , , , , , 
0x7fcae7f07c37, 1, , , 0x7fcae7eed5e0, 1, , , , , , , , , , , , , , , , , , 
0x7fcae7f07c29, 1, 0, 1, , , , , , , , , , , , , , , , , , , , 
0x7fcae7f07c19, 1, 0, 1, , , , , , , , , , , , , , , , , , , , 
0x7fcae7f08fd9, 1, , , , , , , , , , , , , , , , , , , , , , 
0x7fcae7eff7f5, 1, 0, 1, , , , , , , , , , , , , , , , , , , , 
0x7fcae7f08fb4, 1, 1, 0, , , , , , , , , , , , , , , , , , , , 
0x7fcae7eff7e0, 1, 0, 1, , , , , , , , , , , , , , , , , , , , 
0x7fcae7eff89f, 1, 1, 0, , , , , , , , , , , , , , , , , , , , 
0x7fcae7f08faa, 1, 0, 1, , , , , , , , , , , , , , , , , , , , 
0x7fcae7eff7b9, 1, 1, 0, , , , , , , , , , , , , , , , , , , , 
0x7fcae7f08f90, 1, 0, 1, , , , , , , , , , , , , , , , , , , , 
0x7fcae7eff7a0, 1, 0, 1, , , , , , , , , , , , , , , , , , , , 
0x7fcae7eff780, 1, 0, 1, , , , , , , , , , , , , , , , , , , , 
0x7fcae7f07c0b, 1, , , , , , , , , , , , , , , , , , , , , , 
0x7fcae7f07c06, 1, , , , , , , , , , , , , , , , , , , , , , 
0x7fcae7f07bfa, 1, 0, 1, , , , , , , , , , , , , , , , , , , , 
0x7fcae7f07bf5, 1, 0, 1, , , , , , , , , , , , , , , , , , , , 
0x7fcae7eef697, 1, , , , , , , , , , , , , , , , , , , , , , 
0x7fcae7f07be6, 1, , , , , , , , , , , , , , , , , , , , , , 
0x7fcae7f07bd2, 1, , , , , , , , , , , , , , , , , , , , , , 
0x7fcae7f07bbe, 1, , , , , , , , , , , , , , , , , , , , , , 
0x7fcae7eef67f, 1, 1, 0, , , , , , , , , , , , , , , , , , , , 
0x7fcae7eef676, 1, 0, 1, , , , , , , , , , , , , , , , , , , , 
0x7fcae7f07dd8, 1, 1, 0, , , , , , , , , , , , , , , , , , , , 
0x7fcae7eef720, 1, 1, 0, , , , , , , , , , , , , , , , , , , , 
0x7fcae7f0786b, 1, 0, 1, , , , , , , , , , , , , , , , , , , , 
0x7fcae7ef8dc6, 1, 0, 1, , , , , , , , , , , , , , , , , , , , 
0x7fcae7f07d78, 1, 1, 0, , , , , , , , , , , , , , , , , , , , 
0x7fcae7f07876, 1, 0, 1, , , , , , , , , , , , , , , , , , , , 
0x7fcae7f07b9a, 1, 1, 0, , , , , , , , , , , , , , , , , , , , 
0x7fcae7f07b7f, 1, , , , , , , , , , , , , , , , , , , , , , 
0x7fcae7f07884, 1, 0, 1, , , , , , , , , , , , , , , , , , , , 
0x7fcae7ef6897, 1, , , , , , , , , , , , , , , , , , , , , , 
0x7fcae7f07b64, 1, , , , , , , , , , , , , , , , , , , , , , 
0x7fcae7f07b55, 1, , , , , , , , , , , , , , , , , , , , , , 
0x7fcae7ef688a, 1, 0, 1, , , , , , , , , , , , , , , , , , , , 
0x7fcae7ef6442, 1, , , , , , , , , , , , , , , , , , , , , , 
0x7fcae7ef647b, 1, , , , , , , , , , , , , , , , , , , , , , 
0x7fcae7f07b22, 1, , , , , , , , , , , , , , , , , , , , , , 
0x7fcae7f07b16, 1, 0, 1, , , , , , , , , , , , , , , , , , , , 
0x7fcae7f07b0b, 1, 0, 1, , , , , , , , , , , , , , , , , , , , 
0x7fcae7ef6471, 1, 0, 1, , , , , , , , , , , , , , , , , , , , 
0x7fcae7f07f60, 1, , , , , , , , , , , , , , , , , , , , , , 
0x7fcae7ef6468, 1, 0, 1, , , , , , , , , , , , , , , , , , , , 
0x7fcae7f0b7ea, 1, 1, 0, , , , , , , , , , , , , , , , , , , , 
0x7fcae7f08007, 1, , , , , , , , , , , , , , , , , , , , , , 
0x7fcae7f07ffd, 1, 0, 1, , , , , , , , , , , , , , , , , , , , 
0x7fcae7f0b7b0, 1, 0, 1, , , , , , , , , , , , , , , , , , , , 
0x7fcae7f0b780, 1, 0, 1, , , , , , , , , , , , , , , , , , , , 
0x7fcae7f07fd5, 1, 1, 0, , , , , , , , , , , , , , , , , , , , 
0x7fcae7f07fcf, 1, 0, 1, , , , , , , , , , , , , , , , , , , , 
0x7fcae7f07896, 1, 0, 1, , , , , , , , , , , , , , , , , , , , 
0x7fcae7f078a9, 1, 1, 0, , , , , , , , , , , , , , , , , , , , 
0x7fcae7f07fc1, 1, 1, 0, , , , , , , , , , , , , , , , , , , , 
0x7fcae7ef9738, 1, 1, 0, , , , , , , , , , , , , , , , , , , , 
0x7fcae7ef8a84, 1, 1, 0, , , , , , , , , , , , , , , , , , , , 
0x7fcae7ef8a6d, 1, 0, 1, , , , , , , , , , , , , , , , , , , , 
0x7fcae7f0b140, 1, 0, 1, , , , , , , , , , , , , , , , , , , , 
0x7fcae7f0b170, 1, 0, 1, , , , , , , , , , , , , , , , , , , , 
0x7fcae7f0b1aa, 1, 1, 0, , , , , , , , , , , , , , , , , , , , 
0x7fcae7f07f9a, 1, 1, 0, , , , , , , , , , , , , , , , , , , , 
0x7fcae7eef55a, 1, , , , , , , , , , , , , , , , , , , , , , 
0x7fcae7effe14, 1, , , , , , , , , , , , , , , , , , , , , , 
0x7fcae7ef75ea, 1, , , , , , , , , , , , , , , , , , , , , , 
0x7fcae7f0ad80, 1, 0, 1, , , , , , , , , , , , , , , , , , , , 
0x7fcae7f0adb0, 1, 0, 1, , , , , , , , , , , , , , , , , , , , 
0x7fcae7f0adea, 1, 0, 1, , , , , , , , , , , , , , , , , , , , 
0x7fcae7f0ae22, 1, 0, 1, , , , , , , , , , , , , , , , , , , , 
0x7fcae7f0ae30, 1, 1, 0, , , , , , , , , , , , , , , , , , , , 
0x7fcae7effe0f, 1, 0, 1, , , , , , , , , , , , , , , , , , , , 
0x7fcae7effe07, 1, 0, 1, , , , , , , , , , , , , , , , , , , , 
0x7fcae7effdd0, 1, , , , , , , , , , , , , , , , , , , , , , 
0x7fcae7eef54d, 1, , , , , , , , , , , , , , , , , , , , , , 
0x7fcae7f07f2b, 1, 1, 0, , , , , , , , , , , , , , , , , , , , 
0x7fcae7f07f24, 1, , , , , , , , , , , , , , , , , , , , , , 
0x7fcae7eef544, 1, 0, 1, , , , , , , , , , , , , , , , , , , , 
0x7fcae7f078cd, 1, 0, 1, , , , , , , , , , , , , , , , , , , , 
0x7fcae7f07f04, 1, 0, 1, , , , , , , , , , , , , , , , , , , , 
0x7fcae7f07efd, 1, , , , , , , , , , , , , , , , , , , , , , 
0x7fcae7f078e4, 1, , , , , , , , , , , , , , , , , , , , , , 
0x7fcae7f07edd, 1, 0, 1, , , , , , , , , , , , , , , , , , , , 
0x7fcae7f07ed6, 1, , , , , , , , , , , , , , , , , , , , , , 
0x7fcae7f07ecd, 1, 0, 1, , , , , , , , , , , , , , , , , , , , 
0x7fcae7f07ec4, 1, , , , , , , , , , , , , , , , , , , , , , 
0x7fcae7f07524, 1, , , , , , , , , , , , , , , , , , , , , , 
0x7fcae7f07a96, 1, , , , , , , , , , , , , , , , , , , , , , 
0x7fcae7f05050, 1, 0, 1, , , , , , , , , , , , , , , , , , , , 
0x7fcae7f07404, 1, 1, 0, , , , , , , , , , , , , , , , , , , , 
0x7fcae7f05073, 1, 0, 1, , , , , , , , , , , , , , , , , , , , 
0x7fcae7f05089, 1, 0, 1, , , , , , , , , , , , , , , , , , , , 
0x7fcae7f073f8, 1, , , , , , , , , , , , , , , , , , , , , , 
0x7fcae7f073d7, 1, 0, 1, , , , , , , , , , , , , , , , , , , , 
0x7fcae7f073ce, 1, , , , , , , , , , , , , , , , , , , , , , 
0x7fcae7f073c5, 1, 0, 1, , , , , , , , , , , , , , , , , , , , 
0x7fcae7ef8bfc, 1, 1, 0, , , , , , , , , , , , , , , , , , , , 
0x7fcae7f05096, 1, 0, 1, , , , , , , , , , , , , , , , , , , , 
0x7fcae7f0737a, 1, 0, 1, , , , , , , , , , , , , , , , , , , , 
0x7fcae7f0736d, 1, , , , , , , , , , , , , , , , , , , , , , 
0x7fcae7ef8c4f, 1, 1, 0, , , , , , , , , , , , , , , , , , , , 
0x7fcae7f07360, 1, 0, 1, , , , , , , , , , , , , , , , , , , , 
0x7fcae7f07ea8, 1, , , , , , , , , , , , , , , , , , , , , , 
0x7fcae7f07adc, 1, 1, 0, , , , , , , , , , , , , , , , , , , , 
0x7fcae7f07ad0, 1, 0, 1, , , , , , , , , , , , , , , , , , , , 
0x7fcae7f07abe, 1, 0, 1, , , , , , , , , , , , , , , , , , , , 
0x7fcae7f07aa2, 1, , , , , , , , , , , , , , , , , , , , , , 
0x7fcae7ef8c60, 1, 0, 1, , , , , , , , , , , , , , , , , , , , 
0x7fcae7ef8c65, 1, 0, 1, , , , , , , , , , , , , , , , , , , , 
0x7fcae7ef8c6a, 1, 0, 1, , , , , , , , , , , , , , , , , , , , 
0x7fcae7ef8c7b, 1, 0, 1, , , , , , , , , , , , , , , , , , , , 
0x7fcae7ef8c86, 1, , , 0x7fcad426e480, 1, , , , , , , , , , , , , , , , , , 
0x7fcad426e480, 1, 0, 1, , , , , , , , , , , , , , , , , , , , 
0x7fcad426e49d, 1, 0, 1, , , , , , , , , , , , , , , , , , , , 
0x7fcad426e4b4, 1, 1, 0, , , , , , , , , , , , , , , , , , , , 
0x7fcae7f08f5f, 1, , , , , , , , , , , , , , , , , , , , , , 
0x7fcae7f08f53, 1, 0, 1, , , , , , , , , , , , , , , , , , , , 
0x7fcae7f08f4b, 1, 0, 1, , , , , , , , , , , , , , , , , , , , 
0x7fcae7f08f40, 1, , , , , , , , , , , , , , , , , , , , , , 
0x7fcae7ef8ca2, 1, 0, 1, , , , , , , , , , , , , , , , , , , , 
0x7fcae7ef8cc1, 1, 0, 1, , , , , , , , , , , , , , , , , , , , 
0x7fcae7f07a9b, 1, , , , , , , , , , , , , , , , , , , , , , 
0x7fcae7f0519a, 1, , , , , , , , , , , , , , , , , , , , , , 
0x7fcad426d780, 1, 0, 1, , , , , , , , , , , , , , , , , , , , 
0x7fcad426d7b2, 1, 0, 1, , , , , , , , , , , , , , , , , , , , 
0x7fcad426d7c2, 1, , , , , , , , , , , , , , , , , , , , , , 
0x7fcae7ef8c93, 1, 1, 0, , , , , , , , , , , , , , , , , , , , 
0x7fcae7f050a6, 1, 0, 1, , , , , , , , , , , , , , , , , , , , 
0x7fcae7ef8ce8, 1, 1, 0, , , , , , , , , , , , , , , , , , , , 
0x7fcad426e7b0, 1, 0, 1, , , , , , , , , , , , , , , , , , , , 
0x7fcad426e7cb, 1, 0, 1, , , , , , , , , , , , , , , , , , , , 
0x7fcad426e7d6, 1, 1, 0, , , , , , , , , , , , , , , , , , , , 
0x7fcad426e7fb, 1, , , , , , , , , , , , , , , , , , , , , , 
0x7fcae7ef8c93, 1, 1, 0, , , , , , , , , , , , , , , , , , , , 
0x7fcae7ef8cd2, 1, 0, 1, , , , , , , , , , , , , , , , , , , , 
0x7fcad426e4b4, 1, 1, 0, , , , , , , , , , , , , , , , , , , , 
0x7fcad426d0a0, 1, 0, 1, , , , , , , , , , , , , , , , , , , , 
0x7fcad426d0d2, 1, 0, 1, , , , , , , , , , , , , , , , , , , , 
0x7fcad426d0e2, 1, , , , , , , , , , , , , , , , , , , , , , 
0x7fcae7ef8c93, 1, 1, 0, , , , , , , , , , , , , , , , , , , , 
0x7fcad426e49d, 1, 0, 1, , , , , , , , , , , , , , , , , , , , 
0x7fcad426e480, 1, 0, 1, , , , , , , , , , , , , , , , , , , , 
0x7fcad426d7e0, 1, , , , , , , , , , , , , , , , , , , , , , 
0x7fcae7ef8c93, 1, 1, 0, , , , , , , , , , , , , , , , , , , , 
0x7fcae7ef8c93, 1, 1, 0, , , , , , , , , , , , , , , , , , , , 
0x7fcad426e8eb, 1, , , , , , , , , , , , , , , , , , , , , , 
0x7fcad426fc50, 1, , , , , , , , , , , , , , , , , , , , , , 
0x7fcae7ef8c93, 1, 1, 0, , , , , , , , , , , , , , , , , , , , 
0x7fcad426e8c6, 1, 1, 0, , , , , , , , , , , , , , , , , , , , 
0x7fcad426e8bb, 1, 0, 1, , , , , , , , , , , , , , , , , , , , 
0x7fcad426e8a0, 1, 0, 1, , , , , , , , , , , , , , , , , , , , 
0x7fcae7f050d0, 1, 0, 1, , , , , , , , , , , , , , , , , , , , 
0x7fcae7ef8c93, 1, 1, 0, , , , , , , , , , , , , , , , , , , , 
0x7fcad426fc90, 1, , , , , , , , , , , , , , , , , , , , , , 
0x7fcad428a820, 1, , , , , , , , , , , , , , , , , , , , , , 
0x7fcae7ef8c93, 1, 1, 0, , , , , , , , , , , , , , , , , , , , 
0x7fcae7ef8c93, 1, 1, 0, , , , , , , , , , , , , , , , , , , , 
0x7fcad428ad69, 1, , , , , , , , , , , , , , , , , , , , , , 
0x7fcad426e5e0, 1, 0, 1, , , , , , , , , , , , , , , , , , , , 
0x7fcad426e5fd, 1, 0, 1, , , , , , , , , , , , , , , , , , , , 
0x7fcad426e614, 1, 1, 0, , , , , , , , , , , , , , , , , , , , 
0x7fcad426e630, 1, 0, 1, , , , , , , , , , , , , , , , , , , , 
0x7fcad426e636, 1, 0, 1, , , , , , , , , , , , , , , , , , , , 
0x7fcad426e63b, 1, , , , , , , , , , , , , , , , , , , , , , 
0x7fcad42b113f, 1, , , , , , , , , , , , , , , , , , , , , , 
0x7fcad428ad45, 1, 1, 0, , , , , , , , , , , , , , , , , , , , 
0x7fcad428ad20, 1, 0, 1, , , , , , , , , , , , , , , , , , , , 
0x7fcad426e410, 1, 0, 1, , , , , , , , , , , , , , , , , , , , 
0x7fcad426e435, 1, 1, 0, , , , , , , , , , , , , , , , , , , , 
0x7fcae7ef8c93, 1, 1, 0, , , , , , , , , , , , , , , , , , , , 
0x7fcad426e459, 1, , , , , , , , , , , , , , , , , , , , , , 
0x7fcae7ef8c93, 1, 1, 0, , , , , , , , , , , , , , , , , , , , 
0x7fcad426e732, 1, , , , , , , , , , , , , , , , , , , , , , 
0x7fcad426e722, 1, 0, 1, , , , , , , , , , , , , , , , , , , , 
0x7fcad426d710, 1, 0, 1, , , , , , , , , , , , , , , , , , , , 
0x7fcad426d742, 1, 0, 1, , , , , , , , , , , , , , , , , , , , 
0x7fcad426d74d, 1, 1, 0, , , , , , , , , , , , , , , , , , , , 
0x7fcad426d772, 1, , , , , , , , , , , , , , , , , , , , , , 
0x7fcae7ef8c93, 1, 1, 0, , , , , , , , , , , , , , , , , , , , 
0x7fcad426e6f0, 1, 0, 1, , , , , , , , , , , , , , , , , , , , 
0x7fcae7ef8c93, 1, 1, 0, , , , , , , , , , , , , , , , , , , , 
0x7fcad426d150, 1, 0, 1, , , , , , , , , , , , , , , , , , , , 
0x7fcad426d182, 1, 0, 1, , , , , , , , , , , , , , , , , , , , 
0x7fcad426d192, 1, , , , , , , , , , , , , , , , , , , , , , 
0x7fcae7ef8c93, 1, 1, 0, , , , , , , , , , , , , , , , , , , , 
0x7fcad426e792, 1, , , , , , , , , , , , , , , , , , , , , , 
0x7fcad426e782, 1, 0, 1, , , , , , , , , , , , , , , , , , , , 
0x7fcad426e540, 1, 0, 1, , , , , , , , , , , , , , , , , , , , 
0x7fcad426e55d, 1, 0, 1, , , , , , , , , , , , , , , , , , , , 
0x7fcad426e574, 1, 1, 0, , , , , , , , , , , , , , , , , , , , 
0x7fcad426e5a0, 1, , , , , , , , , , , , , , , , , , , , , , 
0x7fcae7ef8c93, 1, 1, 0, , , , , , , , , , , , , , , , , , , , 
0x7fcad426e750, 1, 0, 1, , , , , , , , , , , , , , , , , , , , 
0x7fcae7ef8c93, 1, 1, 0, , , , , , , , , , , , , , , , , , , , 
0x7fcad426dae0, 1, , , , , , , , , , , , , , , , , , , , , , 
0x7fcae7ef8c93, 1, 1, 0, , , , , , , , , , , , , , , , , , , , 
0x7fcad428a930, 1, , , , , , , , , , , , , , , , , , , , , , 
0x7fcae7ef8c93, 1, 1, 0, , , , , , , , , , , , , , , , , , , , 
0x7fcad426e3d0, 1, , , , , , , , , , , , , , , , , , , , , , 
0x7fcae7ef8c93, 1, 1, 0, , , , , , , , , , , , , , , , , , , , 
0x7fcad426e89b, 1, , , , , , , , , , , , , , , , , , , , , , 
0x7fcad426e876, 1, 1, 0, , , , , , , , , , , , , , , , , , , , 
0x7fcad426d230, 1, , , , , , , , , , , , , , , , , , , , , , 
0x7fcae7ef8c93, 1, 1, 0, , , , , , , , , , , , , , , , , , , , 
0x7fcad426e86b, 1, 0, 1, , , , , , , , , , , , , , , , , , , , 
0x7fcad426e850, 1, 0, 1, , , , , , , , , , , , , , , , , , , , 
0x7fcad426e800, 1, 0, 1, , , , , , , , , , , , , , , , , , , , 
0x7fcad426e81b, 1, 0, 1, , , , , , , , , , , , , , , , , , , , 
0x7fcad426e826, 1, 1, 0, , , , , , , , , , , , , , , , , , , , 
0x7fcad426e84b, 1, , , , , , , , , , , , , , , , , , , , , , 
0x7fcae7ef8c93, 1, 1, 0, , , , , , , , , , , , , , , , , , , , 
0x7fcae7ef8c93, 1, 1, 0, , , , , , , , , , , , , , , , , , , , 
0x7fcad4276bb0, 1, , , , , , , , , , , , , , , , , , , , , , 
0x7fcad426d1d0, 1, 0, 1, , , , , , , , , , , , , , , , , , , , 
0x7fcad426d202, 1, 0, 1, , , , , , , , , , , , , , , , , , , , 
0x7fcad426d212, 1, , , , , , , , , , , , , , , , , , , , , , 
0x7fcae7ef8c93, 1, 1, 0, , , , , , , , , , , , , , , , , , , , 
0x7fcae7ef8c93, 1, 1, 0, , , , , , , , , , , , , , , , , , , , 
0x7fcad426d630, 1, , , , , , , , , , , , , , , , , , , , , , 
0x7fcad426e950, 1, 0, 1, , , , , , , , , , , , , , , , , , , , 
0x7fcad426e96d, 1, 0, 1, , , , , , , , , , , , , , , , , , , , 
0x7fcad426e984, 1, 1, 0, , , , , , , , , , , , , , , , , , , , 
0x7fcad426e9a0, 1, 0, 1, , , , , , , , , , , , , , , , , , , , 
0x7fcad426e9a6, 1, 0, 1, , , , , , , , , , , , , , , , , , , , 
0x7fcad426e9ab, 1, , , , , , , , , , , , , , , , , , , , , , 
0x7fcae7ef8c93, 1, 1, 0, , , , , , , , , , , , , , , , , , , , 
0x7fcae7ef8c93, 1, 1, 0, , , , , , , , , , , , , , , , , , , , 
0x7fcad426d132, 1, , , , , , , , , , , , , , , , , , , , , , 
0x7fcad428bf50, 1, 0, 1, , , , , , , , , , , , , , , , , , , , 
0x7fcad428bf82, 1, , , , , , , , , , , , , , , , , , , , , , 
0x7fcae7ef8c93, 1, 1, 0, , , , , , , , , , , , , , , , , , , , 
0x7fcad426d100, 1, 0, 1, , , , , , , , , , , , , , , , , , , , 
0x7fcae7ef8c93, 1, 1, 0, , , , , , , , , , , , , , , , , , , , 
0x7fcad426d820, 1, , , , , , , , , , , , , , , , , , , , , , 
0x7fcae7ef8c93, 1, 1, 0, , , , , , , , , , , , , , , , , , , , 
0x7fcae7f050cb, 1, 1, 0, , , , , , , , , , , , , , , , , , , , 
0x7fcae7f050ae, 1, 0, 1, , , , , , , , , , , , , , , , , , , , 
0x7fcad428a860, 1, , , , , , , , , , , , , , , , , , , , , , 
